COUNCIL DISTRICT,CONSOLIDATION,POLLING PLACE,POLLING PLACE ADDRESS,BALLOT GROUP,POLL TYPE,PRECINCT,HANDICAP ACCESS,VBM,SAMPLE BALLOT GROUP
0,090-0001B,VOTE BY MAIL PRECINCT,555 RAMIREZ 300 LOS ANGELES CA 90012,1,VBM,090-0001B,N,Y,201
0,106-0001A,RESIDENCE,12434 LUCILE ST LOS ANGELES CA 90066,1,RES,106-0001A,Y,N,201
0,415-0050A,MARINERS VILLAGE ,4600 VIA MARINA MARINA DEL REY CA 90292,1,APTBL,415-0045A,Y,N,201
0,605-0006A,FIRST UNITED METHODIST CHURCH,1525 GLENOAKS BLVD SAN FERNANDO CA 91340,2,CHUR1,605-0003A,Y,N,202
0,605-0007A,RUDY ORTEGA SR PK/HERITAGE PK,2025 004TH ST SAN FERNANDO CA 91340,2,CITYO,605-0007A,Y,N,202
0,605-0016A,LAS PALMAS PARK,505 S HUNTINGTON ST SAN FERNANDO CA 91340,2,CITYO,605-0001A,Y,N,202
0,685-0002A,DEXTER PARK,11053 NORTH TRL SYLMAR CA 91342,2,MISCP,470-0002N,Y,N,202
0,710-0002A,TOPANGA LIBRARY,122 N TOPANGA CANYON BLVD TOPANGA CA 90290,1,MISCP,100-0008B,Y,N,201
0,747-0001A,CALIFORNIA NATIONAL GUARD ,1300 FEDERAL AVE LOS ANGELES CA 90025,1,MISCP,747-0001A,Y,N,201
0,775-0007A,LE PARC HOTEL,733 WEST KNOLL DR WEST HOLLYWOOD CA 90069,1,HOTEL,775-0007A,Y,N,201
0,775-0017A,HOLLYWOOD TEMPLE BETHEL,1317 N CRESCENT HEIGHTS BLVD WEST HOLLYWOOD CA 90046,1,RELFA,775-0016B,Y,N,201
0,775-0030A,PLUMMER PARK BLDG,1200 N VISTA ST WEST HOLLYWOOD CA 90046,1,CITYO,775-0026A,Y,N,201
0,775-0040A,PLUMMER PARK ,1200 N VISTA ST WEST HOLLYWOOD CA 90046,1,CITYO,775-0040A,Y,N,201
1,900-0053A,MAGNOLIA ELEMENTARY SCHOOL,1626 ORCHARD AVE LOS ANGELES CA 90006,3,LAUSD,900-0053A,Y,N,100
1,900-0249A,LINCOLN PARK RECREATION CTR,3501 VALLEY BLVD LOS ANGELES CA 90031,3,LACPR,900-0249A,Y,N,100
1,900-0368C,IGLESIA EVANGELICA LATINA,1250 BELLEVUE AVE LOS ANGELES CA 90026,3,CHUR1,900-0368C,N,N,100
1,900-0454A,HOOVER RECREATION CENTER,1010 W 025TH ST LOS ANGELES CA 90007,3,LACPR,900-0454A,Y,N,100
1,900-0464B,EVANS COMMUNITY ADULT SCHOOL,717 N FIGUEROA ST LOS ANGELES CA 90012,3,LAUSD,900-0471A,Y,N,100
1,900-0515A,ALL SAINTS EPISCOPAL CHURCH,323 N AVENUE 56 LOS ANGELES CA 90042,3,CHUR1,900-3518A,Y,N,100
1,900-0517A,FIRE STATION #13,2401 W PICO BLVD LOS ANGELES CA 90006,3,MISCP,900-0517A,Y,N,100
1,900-0598A,CHURCH OF THE EPIPHANY,2808 ALTURA ST LOS ANGELES CA 90031,3,CHUR1,900-2355A,Y,N,100
1,900-0795A,ALTERNATE UNIVERSE,1498 SUNSET BLVD LOS ANGELES CA 90026,3,BUS.,900-2651B,Y,N,100
1,900-0818A,HIGHLAND PARK RECREATION CTR,6150 PIEDMONT AVE LOS ANGELES CA 90042,3,LACPR,900-0815A,Y,N,100
1,900-0821A,AVE 54 BIBLE CHAPEL,5415 BUCHANAN ST LOS ANGELES CA 90042,3,CHUR1,900-0821A,Y,N,100
1,900-0830A,BUCHANAN ST ELEMENTARY SCH,5024 BUCHANAN ST LOS ANGELES CA 90042,3,LAUSD,900-1641A,Y,N,100
1,900-0833D,PILLAR OF FIRE CHURCH HM,4900 N FIGUEROA ST LOS ANGELES CA 90042,3,CHUR1,900-0823B,Y,N,100
1,900-0835A,ALDAMA ELEMENTARY SCHOOL,632 N AVENUE 50 LOS ANGELES CA 90042,3,LAUSD,900-0835A,Y,N,100
1,900-0843A,MT WASHINGTON ELEMENTARY SCH,3981 SAN RAFAEL AVE LOS ANGELES CA 90065,3,LAUSD,900-0473B,Y,N,100
1,900-0878A,RAMONA HALL COMMUNITY CTR,4580 N FIGUEROA ST LOS ANGELES CA 90065,3,LACPR,900-0878A,Y,N,100
1,900-0885A,MONTECITO HEIGHTS REC CENTER,4545 HOMER ST LOS ANGELES CA 90031,3,LACPR,900-0885C,Y,N,100
1,900-0887B,GLEN ALTA ELEMENTARY SCHOOL,3410 SIERRA ST LOS ANGELES CA 90031,3,LAUSD,900-0887C,Y,N,100
1,900-0922B,HERITAGE SQUARE MUSEUM,3800 HOMER ST LOS ANGELES CA 90031,3,CULTU,900-0915A,N,N,100
1,900-0927A,GATES ST ELEMENTARY SCHOOL ,3333 MANITOU AVE LOS ANGELES CA 90031,3,LAUSD,900-0927A,N,N,100
1,900-0957C,ESPERANZA ELEMENTARY SCHOOL,680 LITTLE ST LOS ANGELES CA 90017,3,LAUSD,900-0957C,Y,N,100
1,900-1014A,L A BOYS & GIRLS CLUB,2635 PASADENA AVE LOS ANGELES CA 90031,3,COMMU,900-0923A,Y,N,100
2,900-0142A,BONA REAL ESTATE,14042 VICTORY BLVD VAN NUYS CA 91401,4,BUS.,900-0142A,Y,N,104
1,900-1047B,TOBERMAN RECREATION CENTER,1725 TOBERMAN ST LOS ANGELES CA 90015,3,LACPR,900-2364E,N,N,100
1,900-1104A,LA TROPICANA MARKET,5200 MONTE VISTA ST LOS ANGELES CA 90042,3,STORE,900-0829B,Y,N,100
1,900-1114A,THE FRIDA KAHLO THEATRE,2332 W 004TH ST LOS ANGELES CA 90057,3,CULTU,900-5016B,Y,N,100
1,900-1210A,LINCOLN HGHTS SR CITIZEN CTR,2323 WORKMAN ST LOS ANGELES CA 90031,3,LACPR,900-0925B,Y,N,100
1,900-1309A,CARECEN,2845 W 007TH ST LOS ANGELES CA 90005,3,COMMU,900-1309B,Y,N,100
1,900-1536A,GRATTS LEARNING ACADEMY,309 S LUCAS AVE LOS ANGELES CA 90017,3,LAUSD,900-1536A,Y,N,100
1,900-1590A,L A NEW TIMES WESTERN ,743 S GRAND VIEW ST LOS ANGELES CA 90057,3,SC-PR,900-1656C,Y,N,100
1,900-1678A,ST BARNABAS SENIOR CENTER,675 S CARONDELET ST LOS ANGELES CA 90057,3,SRHMS,900-1678A,Y,N,100
1,900-1686A,ALPINE RECREATION CENTER,817 YALE ST LOS ANGELES CA 90012,3,LACPR,900-1686A,Y,N,100
1,900-1841A,ALBION ELEMENTARY SCHOOL,322 S AVENUE 18 LOS ANGELES CA 90031,3,LAUSD,900-1660A,Y,N,100
1,900-1913C,KOLPING HOUSE,1225 S UNION AVE LOS ANGELES CA 90015,3,APTBL,900-1742A,Y,N,100
1,900-2053A,GLASSELL PARK RECREATION CTR ,3650 VERDUGO RD LOS ANGELES CA 90065,3,LACPR,900-3933B,Y,N,100
1,900-2142A,SOLANO AVE ELEMENTARY SCHOOL ,615 SOLANO AVE LOS ANGELES CA 90012,3,LAUSD,900-2072C,N,N,100
1,900-2169A,GLASSELL PARK ELEMENTARY SCH,2211 W AVENUE 30 LOS ANGELES CA 90065,3,LAUSD,900-2169A,N,N,100
1,900-2545A,ANGELICA LUTHERAN CHURCH ,1345 S BURLINGTON AVE LOS ANGELES CA 90006,3,CHUR1,900-2545A,Y,N,100
1,900-2691A,LA PUERTA ABIERTA ,3314 DIVISION ST LOS ANGELES CA 90065,3,CHUR1,900-4090A,N,N,100
1,900-3937B,CARLIN G. SMITH RECREATION,511 W AVENUE 46 LOS ANGELES CA 90065,3,LACPR,900-0473A,Y,N,100
1,900-5014A,PRECIOUS BLOOD CHURCH,435 S OCCIDENTAL BLVD LOS ANGELES CA 90057,3,CHUR1,900-0052A,Y,N,100
1,900-5399A,BERENDO MIDDLE SCHOOL,1157 S BERENDO ST LOS ANGELES CA 90006,3,LAUSD,900-2869A,Y,N,100
1,900-5537A,FIRE STATION #44,1410 CYPRESS AVE LOS ANGELES CA 90065,3,FIRE,900-2347A,Y,N,100
1,900-5538B,CYPRESS PARK RECREATION CTR,2630 PEPPER AVE LOS ANGELES CA 90065,3,LACPR,900-0524A,Y,N,100
1,900-5757A,UNION FERRARO TOWERS,455 S UNION AVE LOS ANGELES CA 90017,3,MISCP,900-5757A,Y,N,100
1,900-5769B,IMMACULATE CONCEPTION CHURCH,847 GREEN AVE LOS ANGELES CA 90017,3,CHUR1,900-1538A,N,N,100
1,900-6315A,HOLY VIRGIN MARY COPTIC CHR,4900 CLELAND AVE LOS ANGELES CA 90042,3,CHUR1,900-6315B,Y,N,100
1,900-6319A,VICTORY OUTREACH CHURCH,4160 EAGLE ROCK BLVD LOS ANGELES CA 90065,3,CHUR1,900-6317A,Y,N,100
2,900-0116A,VICTORY VINELAND COMM CTR,11117 VICTORY BLVD NORTH HOLLYWOOD CA 91606,6,LACPR,900-0116A,Y,N,103
2,900-0119A,IGLESIA REST. PALABRA VIVA,11650 VICTORY BLVD NORTH HOLLYWOOD CA 91606,6,CHUR1,900-0119A,Y,N,103
2,900-0123A,OXNARD ST ELEMENTARY SCHOOL,10912 OXNARD ST NORTH HOLLYWOOD CA 91606,6,LAUSD,900-0123A,Y,N,103
2,900-0125C,NORTH HOLLYWOOD REC CTR,11430 CHANDLER BLVD NORTH HOLLYWOOD CA 91601,6,LACPR,900-0125C,Y,N,103
2,900-0126A,MAURICE SENDAK ELEMENTARY,11414 TIARA ST NORTH HOLLYWOOD CA 91601,6,LAUSD,900-0126A,N,N,103
2,900-0193A,INDEPENDENT LIVING CENTER,14141 HAYNES ST VAN NUYS CA 91401,6,SRHMS,900-0193A,Y,N,103
2,900-0347A,NORTH WEDDINGTON REC CTR,10844 ACAMA ST NORTH HOLLYWOOD CA 91602,4,LACPR,900-0347A,Y,N,104
2,900-0348C,UNITARIAN CHR OF STUDIO CITY,12355 MOORPARK ST STUDIO CITY CA 91604,4,CHUR1,900-5161E,Y,N,104
2,900-0353A,JFS VALLEY STOREFRONT ,12821 VICTORY BLVD NORTH HOLLYWOOD CA 91606,4,COMMU,900-0562A,Y,N,104
2,900-0377B,MARISCOS LA SIRENITA REST,14032 OXNARD ST VAN NUYS CA 91401,4,REST,900-0377B,Y,N,104
2,900-0385A,PARK PLAZA SENIOR APARTMENTS,6755 RHODES AVE NORTH HOLLYWOOD CA 91606,4,SRHMS,900-0562B,Y,N,104
2,900-0392A,SACRED HEART CATHOLIC CHURCH ,10837 COLLINS ST NORTH HOLLYWOOD CA 91601,5,CHUR1,900-0619B,Y,N,102
2,900-0410A,STUDIO CITY RECREATION ,12621 RYE ST STUDIO CITY CA 91604,4,LACPR,900-0410A,Y,N,104
2,900-0416A,ALL SAINTS CHURCH,8040 GLENOAKS BLVD SUN VALLEY CA 91352,6,CHUR1,900-0233B,Y,N,103
2,900-0422A,COLFAX AV ELEMENTARY SCHOOL,11724 ADDISON ST VALLEY VILLAGE CA 91607,4,LAUSD,900-0422A,Y,N,104
2,900-0483D,ROBERTSON HONDA,5841 LANKERSHIM BLVD NORTH HOLLYWOOD CA 91601,6,BUS.,900-0166A,Y,N,103
2,900-0488A,NOHO SENIOR ARTS COLONY,10747 MAGNOLIA BLVD NORTH HOLLYWOOD CA 91601,5,SRHMS,900-0252A,Y,N,102
2,900-0490A,RESIDENCE ,7239 KATHERINE AVE VAN NUYS CA 91405,6,RES,900-0490A,Y,N,103
2,900-0497A,SATICOY ELEMENTARY SCHOOL,7850 ETHEL AVE NORTH HOLLYWOOD CA 91605,6,LAUSD,900-0497A,Y,N,103
2,900-0498A,WAT THAI TEMPLE,12909 CANTARA ST NORTH HOLLYWOOD CA 91605,6,RELFA,900-2294A,Y,N,103
2,900-0503A,HAZELTINE AV ELEMENTARY SCH,7150 HAZELTINE AVE VAN NUYS CA 91405,6,LAUSD,900-0503A,Y,N,103
2,900-0509A,STRATHERN ELEMENTARY SCHOOL,7939 SAINT CLAIR AVE NORTH HOLLYWOOD CA 91605,6,LAUSD,900-0461A,Y,N,103
2,900-0516A,HERMANDAD MEXICANA NATIONAL,11559 SHERMAN WAY NORTH HOLLYWOOD CA 91605,6,COMMU,900-0516A,Y,N,103
2,900-0518A,SIMPSON - SATICOY BUILDING,7541 SIMPSON AVE NORTH HOLLYWOOD CA 91605,6,APTBL,900-0518A,Y,N,103
2,900-0563A,KITTRIDGE STREET ELEM SCHOOL,13619 KITTRIDGE ST VAN NUYS CA 91401,4,LAUSD,900-0563E,Y,N,104
2,900-0519A,VALLEY PLAZA RECREATION CTR,12240 ARCHWOOD ST NORTH HOLLYWOOD CA 91606,6,LACPR,900-0519A,Y,N,103
2,900-0520B,OUR LADY OF THE HOLY CHURCH,7800 VINELAND AVE SUN VALLEY CA 91352,6,CHUR1,900-0520B,Y,N,103
2,900-0523A,OUR LADY OF HOLY ROSARY CHR,7800 VINELAND AVE SUN VALLEY CA 91352,6,CHUR1,900-0523A,Y,N,103
2,900-0531A,FIRST SOUTHERN BAPTIST CHURCH,10853 VICTORY BLVD NORTH HOLLYWOOD CA 91606,6,CHUR1,900-0531A,Y,N,103
2,900-0537A,ROY ROMER MIDDLE SCHOOL,6501 LAUREL CANYON BLVD NORTH HOLLYWOOD CA 91606,6,LAUSD,900-0537A,N,N,103
2,900-0553F,MADISON MIDDLE SCHOOL,13000 HART ST NORTH HOLLYWOOD CA 91605,4,LAUSD,900-0135B,Y,N,104
2,900-0566A,ERWIN ST ELEMENTARY SCHOOL,13400 ERWIN ST VAN NUYS CA 91401,4,LAUSD,900-0566A,Y,N,104
2,900-0569A,WINDSOR GARDENS,13000 VICTORY BLVD NORTH HOLLYWOOD CA 91606,4,HOSP,900-0568A,Y,N,104
2,900-0572A,NO.HO. FOURSQUARE CHURCH,5853 LAUREL CANYON BLVD VALLEY VILLAGE CA 91607,4,CHUR1,900-0572A,N,N,104
2,900-0572C,UNION DISCOUNT TIRE,12117 BURBANK BLVD VALLEY VILLAGE CA 91607,4,BUS.,900-5530B,Y,N,104
2,900-0607A,EMMANUEL LUTHERAN CHURCH,6020 RADFORD AVE NORTH HOLLYWOOD CA 91606,6,CHUR1,900-0607A,N,N,103
2,900-0611B,SHAAREY ZEDEK CONGREGATION  ,12800 CHANDLER BLVD VALLEY VILLAGE CA 91607,4,RELFA,900-0611B,Y,N,104
2,900-0613A,GRANT HIGH SCHOOL,13000 OXNARD ST VAN NUYS CA 91401,4,LAUSD,900-0613A,Y,N,104
2,900-0688A,CENTRO FAMILIAR CRISTIANO,10919 OXNARD ST NORTH HOLLYWOOD CA 91606,6,CHUR1,900-0534A,Y,N,103
2,900-0751A,ADAT YESHURUN CONGREGATION ,12405 SYLVAN ST NORTH HOLLYWOOD CA 91606,4,RELFA,900-0751B,N,N,104
2,900-1176B,BRIDGES ACADEMY,3921 LAUREL CANYON BLVD STUDIO CITY CA 91604,4,SC-PR,900-1176B,Y,N,104
2,900-1451A,IGLESIA DE DIOS LA COSECHA ,11410 BURBANK BLVD 4 NORTH HOLLYWOOD CA 91601,4,CHUR1,900-0547A,Y,N,104
2,900-1917A,HOLLYWOOD AUTO CENTER INC,6733 LANKERSHIM BLVD NORTH HOLLYWOOD CA 91606,6,BUS.,900-1917A,N,N,103
2,900-1946A,FIRE STATION #97,8021 MULHOLLAND DR LOS ANGELES CA 90046,4,MISCP,900-1187A,Y,N,104
2,900-2222A,IBEW LOCAL 40,5643 VINELAND AVE NORTH HOLLYWOOD CA 91601,6,CLUB,900-2222A,Y,N,103
2,900-2873A,VALLEY VILLAGE SENIOR APTS,12111 CHANDLER BLVD VALLEY VILLAGE CA 91607,4,SRHMS,900-0611A,Y,N,104
2,900-3998A,SUN VALLEY MIDDLE SCHOOL,7330 BAKMAN AVE SUN VALLEY CA 91352,6,LAUSD,900-0520A,Y,N,103
2,900-5139A,THE ART PARLOR,5302 LAUREL CANYON BLVD VALLEY VILLAGE CA 91607,4,BUS.,900-0990A,N,N,104
2,900-5147A,ST MATTHEWS LUTHERAN CHURCH,11031 CAMARILLO ST NORTH HOLLYWOOD CA 91602,5,CHURC,900-5147A,Y,N,102
2,900-5152A,WALTER REED MIDDLE SCHOOL,4525 IRVINE AVE STUDIO CITY CA 91602,4,LAUSD,900-5152A,Y,N,104
2,900-5373A,VALLEY MAIL,11684 VENTURA BLVD STUDIO CITY CA 91604,4,BUS.,900-5373A,Y,N,104
2,900-5662A,GLENWOOD ELEMENTARY SCHOOL,8001 LEDGE AVE SUN VALLEY CA 91352,6,LAUSD,900-0479A,Y,N,103
2,900-5667A,CABRINI VILLA ,9600 CABRINI DR E E BURBANK CA 91504,6,APTBL,900-5667A,N,N,103
3,900-0042A,WESTFIELD TOPANGA,21710 VANOWEN ST CANOGA PARK CA 91303,7,BUS.,900-2307A,Y,N,104
3,900-0062A,BERTRAND AVE ELEMENTARY SCH,7021 BERTRAND AVE RESEDA CA 91335,9,LAUSD,900-0062A,N,N,103
3,900-0065A,NEWCASTLE AVE ELEMENTARY,6520 NEWCASTLE AVE RESEDA CA 91335,9,LAUSD,900-0065A,Y,N,103
3,900-0096B,COLUMBUS MIDDLE SCHOOL,22250 ELKWOOD ST CANOGA PARK CA 91304,7,LAUSD,900-0106A,Y,N,104
3,900-0098B,LANARK PARK RECREATION CENTER,21816 LANARK ST CANOGA PARK CA 91304,7,LACPR,900-0098B,Y,N,104
3,900-0100B,SUNNY BRAE ELEMENTARY SCHOOL,20620 ARMINTA ST WINNETKA CA 91306,7,LAUSD,900-6434A,Y,N,104
3,900-0112A,FAITH LUTHERAN CHURCH,7500 DE SOTO AVE CANOGA PARK CA 91303,7,CHUR1,900-0112A,Y,N,104
3,900-0114B,SUTTER MIDDLE SCHOOL,7330 WINNETKA AVE WINNETKA CA 91306,8,LAUSD,900-0007B,Y,N,102
3,900-0175A,RESEDA RECREATION CENTER,18411 VICTORY BLVD RESEDA CA 91335,7,LACPR,900-0175A,Y,N,104
3,900-0180A,WEST VALLEY Y SERVICE CLUB,18810 VANOWEN ST RESEDA CA 91335,7,COMMU,900-0180A,Y,N,104
3,900-0181A,RESEDA VILLAGE GREEN,6610 VANALDEN AVE RESEDA CA 91335,7,APTBL,900-0181A,Y,N,104
3,900-0182A,GRANCELL VILLAGE,7150 TAMPA AVE RESEDA CA 91335,7,SRHMS,900-0182A,Y,N,104
3,900-0187A,JEWISH HOME FOR THE AGING,18855 VICTORY BLVD RESEDA CA 91335,7,SRHMS,900-0187A,Y,N,104
3,900-0189C,VANALDEN ELEMENTARY SCHOOL,19019 DELANO ST TARZANA CA 91335,7,LAUSD,900-0196A,Y,N,104
3,900-0203A,DISABLED AMER VETERANS #73,6543 CORBIN AVE WOODLAND HILLS CA 91367,8,CLUB,900-0203A,Y,N,102
3,900-0206A,LIMERICK AVE ELEMENTARY SCH,8530 LIMERICK AVE WINNETKA CA 91306,7,LAUSD,900-0318A,Y,N,104
3,900-0212B,NEW LIFE CHURCH,6115 FALLBROOK AVE WOODLAND HILLS CA 91367,7,CHUR1,900-6490A,Y,N,104
3,900-0226A,SUNTREE TOWNHOMES #250,18411 HATTERAS ST TARZANA CA 91356,8,APTBL,900-0226A,Y,N,102
3,900-0228A,TARZANA RECREATION CENTER,5655 VANALDEN AVE TARZANA CA 91356,8,LACPR,900-0228A,N,N,102
3,900-0236B,WINNETKA AVENUE ELEMENTARY,8240 WINNETKA AVE WINNETKA CA 91306,7,LAUSD,900-0236B,Y,N,104
3,900-0238A,OWENSMOUTH GARDENS,6300 OWENSMOUTH AVE WOODLAND HILLS CA 91367,7,MISCP,900-0238A,Y,N,104
3,900-0246A,CALVERT STREET ELEMENTARY SCH,19850 DELANO ST WOODLAND HILLS CA 91367,8,LAUSD,900-0246A,Y,N,102
3,900-0250A,FIRE STATION #84 ,21050 BURBANK BLVD WOODLAND HILLS CA 91367,8,MISCP,900-0250A,Y,N,102
3,900-0259A,ST MARYS ASSYRIAN CHURCH,5955 LINDLEY AVE TARZANA CA 91356,7,CHUR1,900-0259A,Y,N,104
3,900-0359B,URBAN CUTS,7230 VARIEL AVE CANOGA PARK CA 91303,7,BARBE,900-6438A,Y,N,104
3,900-0393A,DEPENDABLE DODGE ,21415 ROSCOE BLVD CANOGA PARK CA 91304,7,BUS.,900-0393A,Y,N,104
3,900-0414A,ST JOSEPH KOREAN CATHOLIC CTR,20124 SATICOY ST WINNETKA CA 91306,7,CHUR1,900-0414A,Y,N,104
3,900-0423A,CHRIST COMMUNITY CHURCH,7911 WINNETKA AVE WINNETKA CA 91306,7,CHUR1,900-6432A,Y,N,104
3,900-0525B,HART ST ELEMENTARY SCHOOL,21040 HART ST CANOGA PARK CA 91303,7,LAUSD,900-0525B,Y,N,104
3,900-0621A,FULLBRIGHT AVE ELEMENTARY SCH,6940 FULLBRIGHT AVE WINNETKA CA 91306,8,LAUSD,900-0621A,Y,N,102
3,900-0689A,RESEDA ELEMENTARY SCHOOL,7265 AMIGO AVE RESEDA CA 91335,7,LAUSD,900-6426A,N,N,104
3,900-0791B,USA VALLEY TABLE TENNIS CLUB,7020 RESEDA BLVD RESEDA CA 91335,9,COMMU,900-0791B,Y,N,103
3,900-1019A,MOTION PICTURE & TV HOSPITAL,23388 MULHOLLAND DR WOODLAND HILLS CA 91364,8,BUS.,900-1019A,Y,N,102
3,900-1029A,SERRANIA AVE ELEMENTARY SCH,5014 SERRANIA AVE WOODLAND HILLS CA 91364,8,LAUSD,900-1029A,Y,N,102
3,900-2414A,BLYTHE ST ELEMENTARY SCHOOL,18730 BLYTHE ST RESEDA CA 91335,7,LAUSD,900-2414A,Y,N,104
3,900-3122A,BRAEMAR COUNTRY CLUB,4001 RESEDA BLVD TARZANA CA 91356,8,CCLUB,900-3122A,Y,N,102
3,900-3218B,WOODLAND HILLS ACADEMY,20800 BURBANK BLVD WOODLAND HILLS CA 91367,8,LAUSD,900-3218B,Y,N,102
3,900-3681A,BEITH DAVID EDUCATIONAL CTR,18648 CLARK ST TARZANA CA 91356,8,RELFA,900-3681A,Y,N,102
3,900-6410A,RIVIERA MOBILE ESTATES,8801 ETON AVE CANOGA PARK CA 91304,7,MBLHM,900-6410A,Y,N,104
3,900-6427A,LOKRANTZ SPECIAL EDUCATION,19451 WYANDOTTE ST RESEDA CA 91335,7,LAUSD,900-6427A,N,N,104
3,900-6438C,CANOGA PARK ELEMENTARY SCHOOL,7438 TOPANGA CANYON BLVD CANOGA PARK CA 91303,7,LAUSD,900-2770B,Y,N,104
3,900-6440A,SHIRLEY ELEMENTARY SCHOOL,19452 HART ST RESEDA CA 91335,7,LAUSD,900-6440A,Y,N,104
3,900-6463B,CANOGA PARK PRESBYTERIAN,22103 VANOWEN ST WOODLAND HILLS CA 91303,7,CHUR1,900-0762A,Y,N,104
3,900-6490B,LOCKHURST DR ELEMENTARY SCH,6170 LOCKHURST DR WOODLAND HILLS CA 91367,7,LAUSD,900-6601B,Y,N,104
3,900-6495A,HALE CHARTER ACADEMY,23830 CALIFA ST WOODLAND HILLS CA 91367,7,LAUSD,900-6495A,N,N,104
3,900-6500A,EL CAMINO REAL HIGH SCHOOL,5440 VALLEY CIRCLE BLVD WOODLAND HILLS CA 91367,7,LAUSD,900-6500A,Y,N,104
3,900-6606A,WOODLAND HILLS CHRIST CHURCH,5920 SHOUP AVE WOODLAND HILLS CA 91367,8,CHUR1,900-6606A,Y,N,102
3,900-6613A,ST LUKES LUTHERAN CHURCH,5312 COMERCIO WAY WOODLAND HILLS CA 91364,8,CHUR1,900-1021A,Y,N,102
3,900-6625A,WILLIAM H TAFT HIGH SCHOOL,5461 WINNETKA AVE WOODLAND HILLS CA 91364,8,LAUSD,900-6625A,Y,N,102
3,900-7883A,MELVIN AVE ELEMENTARY SCHOOL,7700 MELVIN AVE RESEDA CA 91335,7,LAUSD,900-6429A,Y,N,104
3,900-7888A,CLEVELAND HIGH SCHOOL,8140 VANALDEN AVE RESEDA CA 91335,7,LAUSD,900-6425A,Y,N,104
3,900-7935A,ST BERNARDINE OF SIENA,24410 CALVERT ST WOODLAND HILLS CA 91367,7,CHUR1,900-7935A,Y,N,104
3,900-7947A,1ST BAPTIST CHURCH,5737 FALLBROOK AVE WOODLAND HILLS CA 91367,7,CHUR1,900-0234A,Y,N,104
3,900-7947B,HUGHES ADULT LEARNING CENTER,5607 CAPISTRANO AVE WOODLAND HILLS CA 91367,8,LAUSD,900-6612B,Y,N,102
4,900-0006A,KOREAN INSTITUTE OF SO CAL,4900 WILSHIRE BLVD LOS ANGELES CA 90010,10,SC-PR,900-0006A,Y,N,104
4,900-0215B,BURBANK OAKS APARTMENTS,14314 BURBANK BLVD SHERMAN OAKS CA 91401,10,APTBL,900-0147A,N,N,104
4,900-0217A,MILLIKAN MIDDLE SCHOOL,5041 SUNNYSLOPE AVE SHERMAN OAKS CA 91423,10,LAUSD,900-0217A,Y,N,104
4,900-0260A,S O UNITED METHODIST CHURCH,14401 DICKENS ST SHERMAN OAKS CA 91423,10,CHUR1,900-0260A,Y,N,104
4,900-0268A,THE VILLAGE AT SHERMAN OAKS,5450 VESPER AVE SHERMAN OAKS CA 91411,10,SRHMS,900-0268A,Y,N,104
4,900-0272A,COLDWELL BANKER ,119 N LARCHMONT BLVD LOS ANGELES CA 90004,10,BUS.,900-0272A,Y,N,104
4,900-0317A,CASTLE ARGYLE APARTMENTS,1919 N ARGYLE AVE LOS ANGELES CA 90068,11,APT,900-0262A,Y,N,102
4,900-0326A,FIRE STATION #35,1601 HILLHURST AVE LOS ANGELES CA 90027,10,MISCP,900-0326A,Y,N,104
4,900-0402A,HORACE HEIDT ESTATES,14155 MAGNOLIA BLVD SHERMAN OAKS CA 91423,10,APTBL,900-0215A,N,N,104
4,900-0428A,RAMSEY SHILLING ASSOCIATES,10205 RIVERSIDE DR NORTH HOLLYWOOD CA 91602,11,BUS.,900-1157A,Y,N,102
4,900-0484A,INTL.  CINEMATOGRAPHERS,7755 SUNSET BLVD LOS ANGELES CA 90046,11,BUS.,900-2786A,Y,N,102
4,900-0492C,HOLLYWOOD U.M. CHURCH NORTH ,4301 CAHUENGA BLVD NORTH HOLLYWOOD CA 91602,11,CHUR1,900-0492C,Y,N,102
4,900-0544A,FIRE STATION #27,1327 COLE AVE LOS ANGELES CA 90028,11,MISCP,900-0544A,Y,N,102
4,900-0587B,ST MARY OF THE ANGELS,4510 FINLEY AVE LOS ANGELES CA 90027,10,CHUR1,900-0591A,Y,N,104
4,900-0596A,THE HELP GROUP/ENT EAST GATE ,13130 BURBANK BLVD SHERMAN OAKS CA 91401,10,SC-PR,900-0154A,Y,N,104
4,900-0658A,HOLLYWOOD LUTHERAN CHURCH,1733 N NEW HAMPSHIRE AVE LOS ANGELES CA 90027,10,CHUR1,900-5130A,Y,N,104
4,900-0684A,HOLLYWOODLAND REALTY,2700 N BEACHWOOD DR LOS ANGELES CA 90068,11,BUS.,900-2605A,N,N,102
4,900-0694B,SILVERLAKE COMMUNITY CHR,2930 HYPERION AVE LOS ANGELES CA 90027,10,CHUR1,900-0852A,Y,N,104
4,900-0699B,ST CASIMIR ROMAN CHURCH,3855 EVANS ST LOS ANGELES CA 90027,10,CHUR1,900-0874B,N,N,104
4,900-0710A,CHEREMOYA ELEMENTARY SCHOOL,6017 FRANKLIN AVE LOS ANGELES CA 90028,11,LAUSD,900-0710A,Y,N,102
4,900-0745B,VAN NUYS/SHERMAN OAKS REC CTR,14201 HUSTON ST SHERMAN OAKS CA 91423,10,LACPR,900-1106A,Y,N,104
4,900-0756A,FIRST PRESBYTERIAN CHURCH,4445 NOBLE AVE SHERMAN OAKS CA 91403,10,CHUR1,900-0756E,Y,N,104
4,900-0874A,KING MIDDLE SCHOOL,4201 FOUNTAIN AVE LOS ANGELES CA 90029,10,LAUSD,900-1648A,Y,N,104
4,900-0884B,KOREAN RESOURCE CENTER,900 CRENSHAW BLVD LOS ANGELES CA 90019,10,COMMU,900-1693A,Y,N,104
4,900-0951A,ST THOMAS EPISCOPAL CHURCH,7501 HOLLYWOOD BLVD LOS ANGELES CA 90046,11,CHUR1,900-1200A,Y,N,102
4,900-0956A,BELMONT VILLAGE,2051 N HIGHLAND AVE LOS ANGELES CA 90068,11,SRHMS,900-0956B,Y,N,102
4,900-1007A,THE HELP GROUP ,13130 BURBANK BLVD SHERMAN OAKS CA 91401,10,SC-PR,900-0154C,Y,N,104
4,900-1015D,FIRE STATION #88,5101 SEPULVEDA BLVD SHERMAN OAKS CA 91403,10,MISCP,900-1089B,Y,N,104
4,900-1016A,CATHEDRAL OF ST MARYS ,5329 SEPULVEDA BLVD SHERMAN OAKS CA 91411,10,CHUR1,900-1016A,N,N,104
4,900-1085A,SHERMAN OAKS WOMENS CLUB ,4808 KESTER AVE SHERMAN OAKS CA 91403,10,BUS.,900-1085A,Y,N,104
4,900-1096A,LAURIES FLASH FRAMERS,14000 VENTURA BLVD SHERMAN OAKS CA 91423,10,BUS.,900-1095B,Y,N,104
4,900-1113A,RIVERSIDE DR ELEMENTARY SCH,13061 RIVERSIDE DR SHERMAN OAKS CA 91423,10,LAUSD,900-1113A,Y,N,104
4,900-1152A,FIRE STATION #86,4305 VINELAND AVE NORTH HOLLYWOOD CA 91602,10,FIRE,900-0261C,N,N,104
4,900-1126A,ST FRANCIS DE SALES CHURCH,13370 VALLEYHEART DR S SHERMAN OAKS CA 91423,10,CHUR1,900-1126A,Y,N,104
4,900-1127B,FIRE STATION #99,14145 MULHOLLAND DR BEVERLY HILLS CA 90210,10,MISCP,900-1099A,Y,N,104
4,900-1180A,THEATRE WEST,3333 CAHUENGA BLVD W LOS ANGELES CA 90068,11,BUS.,900-1180A,N,N,102
4,900-1194A,VEDANTA SOCIETY,1946 VEDANTA PL LOS ANGELES CA 90068,11,RELFA,900-1191A,Y,N,102
4,900-1196A,HOLLYWOOD HERITAGE MUSEUM,2100 N HIGHLAND AVE LOS ANGELES CA 90068,11,BUS.,900-1196C,Y,N,102
4,900-1212A,MULHOLLAND TENNIS CLUB,2555 CREST VIEW DR LOS ANGELES CA 90046,11,CLUB,900-1212A,Y,N,102
4,900-1413A,FIRE STATION #108,12520 MULHOLLAND DR BEVERLY HILLS CA 90210,11,MISCP,900-1413A,Y,N,102
4,900-1628A,ST BRENDAN CHURCH,310 S VAN NESS AVE LOS ANGELES CA 90020,10,CHURC,900-0049B,Y,N,104
4,900-1426A,FRANKLIN TOWERS,7250 FRANKLIN AVE LOS ANGELES CA 90046,11,APT,900-1422A,Y,N,102
4,900-1428A,FIRE STATION #41,1439 N GARDNER ST LOS ANGELES CA 90046,11,MISCP,900-1428A,Y,N,102
4,900-1541A,WILTON KOREAN PRESBYTERIAN,470 N ST ANDREWS PL LOS ANGELES CA 90004,10,CHUR1,900-1541A,Y,N,104
4,900-1603A,BANCROFT MIDDLE SCHOOL ,929 N LAS PALMAS AVE LOS ANGELES CA 90038,11,LAUSD,900-1603A,N,N,102
4,900-1613B,THIRD ST ELEMENTARY SCHOOL,201 S JUNE ST LOS ANGELES CA 90004,10,LAUSD,900-1613B,Y,N,104
4,900-1623A,WILSHIRE UTD. METHOD. CHR,4350 WILSHIRE BLVD LOS ANGELES CA 90010,10,CHUR1,900-1623A,Y,N,104
4,900-2171A,ATWATER MASONIC CENTER,2927 ROWENA AVE LOS ANGELES CA 90039,10,CLUB,900-2048A,N,N,104
4,900-2247A,WEST BETHEL PRESBYTERIAN CHR,857 S LA BREA AVE LOS ANGELES CA 90036,10,CHUR1,900-2247A,Y,N,104
4,900-2250A,PARK LA BREA ,475 S CURSON AVE W LOS ANGELES CA 90036,10,APTBL,900-2250A,Y,N,104
4,900-2629A,SANTA MONICA BLVD ELEM SCHOOL,1022 N VAN NESS AVE LOS ANGELES CA 90038,11,LAUSD,900-2629A,Y,N,102
4,900-4026A,KADAMPA MEDITATION CENTER,4953 FRANKLIN AVE LOS ANGELES CA 90027,10,RELFA,900-0700A,N,N,104
4,900-5299A,WILSHIRE UNITED METHODIST CHR,4350 WILSHIRE BLVD LOS ANGELES CA 90010,10,CHUR1,900-5300A,Y,N,104
4,900-5310A,LAMPS EXPO,323 S LA BREA AVE LOS ANGELES CA 90036,10,STORE,900-5310A,Y,N,104
4,900-7228B,BETHEL EV LUTHERAN CHURCH,5750 W OLYMPIC BLVD LOS ANGELES CA 90036,10,CHUR1,900-5307A,Y,N,104
5,900-0174A,EMELITA ACADEMY CHARTER,17931 HATTERAS ST ENCINO CA 91316,12,LAUSD,900-0174A,Y,N,104
5,900-0230A,BUCA DI BEPPO,17500 VENTURA BLVD ENCINO CA 91316,13,REST,900-0230A,Y,N,102
5,900-0257A,ACADEMY FOR ENRICHED SCIENCES,17551 MIRANDA ST ENCINO CA 91316,12,LAUSD,900-0257A,Y,N,104
5,900-1049A,LAKE ENCINO RACQUET CLUB,18111 CHARDON CIR ENCINO CA 91316,13,CLUB,900-1049B,N,N,102
5,900-0558B,SINAI TEMPLE,10400 WILSHIRE BLVD LOS ANGELES CA 90024,13,CHUR1,900-2749B,Y,N,102
5,900-0701A,UCLA REIBER HALL,310 DE NEVE DR LOS ANGELES CA 90024,13,SC-PR,900-0701A,Y,N,102
5,900-0801B,PETCO,17919 VENTURA BLVD ENCINO CA 91316,13,BUS.,900-0225C,Y,N,102
5,900-1090A,BELMONT VILLAGE SENIOR LIVING,15451 VENTURA BLVD SHERMAN OAKS CA 91403,13,SRHMS,900-0253A,Y,N,102
5,900-1111A,CULVER PALMS CHURCH OF CHRIST,9733 VENICE BLVD LOS ANGELES CA 90034,12,CHUR1,900-2955A,Y,N,104
5,900-1440A,BEVERLY HILLS CARMEL ,8757 BURTON WAY LOS ANGELES CA 90048,13,SRHMS,900-1438B,Y,N,102
5,900-1172A,CONGREGATION OHEL MOSHE,8765 W PICO BLVD LOS ANGELES CA 90035,12,RELFA,900-1482A,Y,N,104
5,900-1175B,THE WORKMENS CIRCLE,1525 S ROBERTSON BLVD LOS ANGELES CA 90035,12,COMMU,900-1485C,N,N,104
5,900-1219A,BEVERLY HILLS WOMENS CLUB,1700 CHEVY CHASE DR BEVERLY HILLS CA 90210,13,CLUB,900-1219A,N,N,102
5,900-1220A,WESTWOOD PRESBYTERIAN CHR,10822 WILSHIRE BLVD LOS ANGELES CA 90024,13,CHUR1,900-1271A,Y,N,102
5,900-1220C,EMERSON MIDDLE SCHOOL,1650 SELBY AVE LOS ANGELES CA 90024,13,LAUSD,900-1763A,Y,N,102
5,900-1248A,WESTWOOD PLAZA,2228 WESTWOOD BLVD LOS ANGELES CA 90064,13,SRHMS,900-1248A,Y,N,102
5,900-1253A,KAHAL JOSEPH SYNAGOGUE,10505 SANTA MONICA BLVD LOS ANGELES CA 90025,13,RELFA,900-1252A,Y,N,102
5,900-1283A,WESTWOOD RECREATION CENTER,1350 S SEPULVEDA BLVD LOS ANGELES CA 90025,13,LACPR,900-1274A,Y,N,102
5,900-1290A,MERIDIAN OF CHEVIOT HILLS,3340 SHELBY DR LOS ANGELES CA 90034,12,SRHMS,900-1467A,Y,N,104
5,900-1334A,ST ALBANS EPISCOPAL CHURCH,580 HILGARD AVE LOS ANGELES CA 90024,13,CHUR1,900-1332A,Y,N,102
5,900-1338A,HARDMAN HANSEN (UCLA),500 LANDFAIR AVE LOS ANGELES CA 90024,13,APTBL,900-1338A,Y,N,102
5,900-1341A,VINTAGE WESTWOOD HORIZONS,947 TIVERTON AVE LOS ANGELES CA 90024,13,SRHMS,900-1261A,Y,N,102
5,900-1343C,LES RIVER COMMUNITY CENTER,10409 SCENARIO LN LOS ANGELES CA 90077,13,COMMU,900-1408A,N,N,102
5,900-1377A,FIRE STATION #43,3690 MOTOR AVE LOS ANGELES CA 90034,12,MISCP,900-0944A,Y,N,104
5,900-1402A,CARNESALE BUILDING,251 CHARLES E YOUNG DR W LOS ANGELES CA 90024,13,,900-1350B,N,N,102
5,900-1418A,BEL AIR RIDGE CLUBHOUSE ,2760 CLARAY DR LOS ANGELES CA 90077,13,CLUB,900-1217A,Y,N,102
5,900-1429A,FAIRFAX SR CITIZEN CENTER,7929 MELROSE AVE LOS ANGELES CA 90046,13,LACPR,900-1429A,Y,N,102
5,900-1436A,MELROSE ELEMENTARY SCHOOL,731 N DETROIT ST LOS ANGELES CA 90046,13,LAUSD,900-1435A,Y,N,102
5,900-1452A,LA CITY BUREAU OF GEN. SVCS,11168 MISSOURI AVE LOS ANGELES CA 90025,13,MISCP,900-1452A,Y,N,102
5,900-1454A,HEYLER REALTY,10659 W PICO BLVD LOS ANGELES CA 90064,12,BUS.,900-1454A,Y,N,104
5,900-1456A,RIDDICK YOUTH CENTER,2634 OVERLAND AVE LOS ANGELES CA 90064,12,COMMU,900-1456A,Y,N,104
5,900-1457A,CONGREGATION MOGEN DAVID,9717 W PICO BLVD LOS ANGELES CA 90035,12,RELFA,900-1457A,Y,N,104
5,900-1474A,CASTLE HEIGHTS ELEMENTARY SCH,9755 CATTARAUGUS AVE LOS ANGELES CA 90034,12,LAUSD,900-1474A,Y,N,104
5,900-1481A,CARTHAY CENTER ELEM SCHOOL,6351 W OLYMPIC BLVD LOS ANGELES CA 90048,12,LAUSD,900-1481A,Y,N,104
5,900-1502A,ST MARYS CHURCH,3647 WATSEKA AVE LOS ANGELES CA 90034,12,CHUR1,900-1502A,Y,N,104
5,900-1522A,CLOVER AVENUE ELEMENTARY SCH,11020 CLOVER AVE LOS ANGELES CA 90034,12,LAUSD,900-0002A,Y,N,104
5,900-1533A,PALMS MIDDLE SCHOOL,10860 WOODBINE ST LOS ANGELES CA 90034,12,LAUSD,900-0944B,Y,N,104
5,900-1535A,CHARNOCK ROAD ELEMENTARY SCH,11133 CHARNOCK RD LOS ANGELES CA 90034,12,LAUSD,900-1532D,Y,N,104
5,900-1605A,FRAME MASTERS,834 N LA BREA AVE LOS ANGELES CA 90038,13,BUS.,900-1605A,N,N,102
5,900-1893A,ENCINO SELF STORAGE,18019 VENTURA BLVD ENCINO CA 91316,13,BUS.,900-1893A,Y,N,102
5,900-1983A,PALMS ELEMENTARY SCHOOL,3520 MOTOR AVE LOS ANGELES CA 90034,12,LAUSD,900-2375A,Y,N,104
5,900-2223A,NATL COUNCIL OF JEWISH WOMEN,543 N FAIRFAX AVE LOS ANGELES CA 90036,13,COMMU,900-2223A,N,N,102
5,900-2225A,FAIRFAX HIGH SHCOOL,7850 MELROSE AVE LOS ANGELES CA 90046,13,LAUSD,900-2225A,Y,N,102
5,900-2231A,FIRE STATION #61,5821 W 003RD ST LOS ANGELES CA 90036,13,MISCP,900-2230B,Y,N,102
5,900-2238A,ROSEWOOD ELEMENTARY SCHOOL,503 N CROFT AVE LOS ANGELES CA 90048,13,LAUSD,900-2237A,Y,N,102
5,900-2279A,HORACE MANN ELEMENTARY SCH,8701 CHARLEVILLE BLVD BEVERLY HILLS CA 90211,12,SCH-P,900-2279A,Y,N,104
5,900-2358B,NAZARETH HOUSE,3333 MANNING AVE LOS ANGELES CA 90064,12,SRHMS,900-1476A,Y,N,104
5,900-2370A,ST. MARYS CHURCH,3647 WATSEKA AVE LOS ANGELES CA 90034,12,CHUR1,900-2370A,Y,N,104
5,900-2900A,CENTURY PARK E CONDOMINIUMS,2170 CENTURY PARK E LOS ANGELES CA 90067,12,APTBL,900-1257A,Y,N,104
5,900-3036A,PALMS RECREATION CENTER,2950 OVERLAND AVE LOS ANGELES CA 90064,12,LACPR,900-1455A,Y,N,104
5,900-3036C,WESTERN PARKING ENFORCEMENT,11214 EXPOSITION BLVD LOS ANGELES CA 90064,13,MISCP,900-0627A,Y,N,102
5,900-3206A,BEL AIR CREST,11701 BEL AIR CREST RD LOS ANGELES CA 90077,13,COMMU,900-1343B,Y,N,102
5,900-3683A,ORANGEBROOK MANOR ,5400 YARMOUTH AVE ENCINO CA 91316,13,APTBL,900-0225A,Y,N,102
5,900-5520A,FIRE STATION #83,4960 BALBOA BLVD ENCINO CA 91316,13,MISCP,900-5520A,Y,N,102
5,900-6632A,HOLY MARTYRS HIGH SCHOOL,5300 WHITE OAK AVE ENCINO CA 91316,13,SC-PR,900-0230B,Y,N,102
5,900-6666A,BEL AIR PRESBYTERIAN CHURCH,16221 MULHOLLAND DR LOS ANGELES CA 90049,13,CHUR1,900-2914A,Y,N,102
6,900-0058A,ANATOLA AV ELEMENTARY SCHOOL,7364 ANATOLA AVE VAN NUYS CA 91406,15,LAUSD,900-0058A,Y,N,103
6,900-0078C,OSBORNE NEIGHBORHOOD CHURCH,13501 OSBORNE ST ARLETA CA 91331,15,CHUR1,900-0384A,Y,N,103
6,900-0088A,CHR J C OF LATTER DAY SAINTS,15555 SATICOY ST VAN NUYS CA 91406,15,CHUR1,900-0088A,Y,N,103
6,900-0089A,VALERIO ST ELEMENTARY SCHOOL ,15035 VALERIO ST VAN NUYS CA 91405,15,LAUSD,900-0089A,Y,N,103
6,900-0090A,FERNANGELES RECREATION CTR,8851 LAUREL CANYON BLVD SUN VALLEY CA 91352,15,LACPR,900-0090C,Y,N,103
6,900-0101A,HAN YANG PRESBYTERIAN CHURCH,13500 BRANFORD ST ARLETA CA 91331,15,CHUR1,900-0101A,Y,N,103
6,900-0102A,PANORAMA RECREATION CENTER,8600 HAZELTINE AVE PANORAMA CITY CA 91402,15,LACPR,900-0102A,Y,N,103
6,900-0110A,SUN VALLEY REC CENTER,8133 VINELAND AVE SUN VALLEY CA 91352,15,LACPR,900-0110A,Y,N,103
6,900-0136A,VISTAS RETIREMENT CENTER ,15211 SHERMAN WAY VAN NUYS CA 91405,15,SRHMS,900-0136A,Y,N,103
6,900-0137A,SAINT MARKS EPISCOPAL CHURCH,14646 SHERMAN WAY VAN NUYS CA 91405,15,CHUR1,900-0137A,N,N,103
6,900-0140A,VAN NUYS HIGH SCHOOL,6535 CEDROS AVE VAN NUYS CA 91411,15,LAUSD,900-0140A,Y,N,103
6,900-0149A,BASSETT STREET ELEM SCHOOL,15756 BASSETT ST VAN NUYS CA 91406,14,LAUSD,900-0148A,Y,N,104
6,900-0151A,ST ANDREWS LUTHERAN CHURCH,15520 SHERMAN WAY VAN NUYS CA 91406,14,CHUR1,900-0151A,Y,N,104
6,900-0155B,MULHOLLAND MIDDLE SCHOOL ,17120 VANOWEN ST VAN NUYS CA 91406,14,LAUSD,900-0172D,Y,N,104
6,900-0159B,GAULT ST ELEMENTARY SCHOOL,17000 GAULT ST VAN NUYS CA 91406,14,LAUSD,900-0160A,Y,N,104
6,900-0184A,BRANFORD RECREATION CENTER,13306 BRANFORD ST ARLETA CA 91331,15,LACPR,900-0184A,Y,N,103
6,900-0192A,ST PETER ARMENIAN CHURCH,17231 SHERMAN WAY VAN NUYS CA 91406,15,CHUR1,900-0192A,Y,N,103
6,900-0197A,AIRTEL PLAZA HOTEL,7277 VALJEAN AVE VAN NUYS CA 91406,15,HOTEL,900-0197A,Y,N,103
6,900-0205B,FIRE STATION #7,14630 PLUMMER ST PANORAMA CITY CA 91402,15,MISCP,900-0386A,Y,N,103
6,900-0335A,GOODWILL SOUTHERN CALIFORNIA,14565 LANARK ST PANORAMA CITY CA 91402,15,COMMU,900-0335A,Y,N,103
6,900-0381A,BEACHY AVE ELEMENTARY SCHOOL,9757 BEACHY AVE ARLETA CA 91331,15,LAUSD,900-0376B,Y,N,103
6,900-0382A,SHARP ELEMENTARY SCHOOL,13800 PIERCE ST ARLETA CA 91331,15,LAUSD,900-0078A,Y,N,103
6,900-0383B,PANORAMA CHURCH NAZARENE,9260 VAN NUYS BLVD PANORAMA CITY CA 91402,15,CHUR1,900-0209A,Y,N,103
6,900-0400A,SEPULVEDA RECREATION CENTER,8825 KESTER AVE PANORAMA CITY CA 91402,15,LACPR,900-0400A,Y,N,103
6,900-0408A,PENNY LANE CENTER,15314 RAYEN ST NORTH HILLS CA 91343,15,COMMU,900-0709A,Y,N,103
6,900-0457A,FERNANGELES ELEMENTARY SCH,12001 ART ST SUN VALLEY CA 91352,15,LAUSD,900-0094A,Y,N,103
6,900-0472A,HAN YANG PRESBY. CH,13500 BRANFORD ST ARLETA CA 91331,15,CHUR1,900-0472A,Y,N,103
6,900-0474A,VENA AVE ELEMENTARY SCHOOL,9377 VENA AVE ARLETA CA 91331,15,LAUSD,900-0465A,Y,N,103
6,900-0494A,ST GENEVIEVE CHURCH ,14016 ROSCOE BLVD PANORAMA CITY CA 91402,15,CHUR1,900-2213A,Y,N,103
6,900-0496B,RANCHITO AV ELEMENTARY SCH,7940 RANCHITO AVE PANORAMA CITY CA 91402,15,LAUSD,900-0496C,Y,N,103
6,900-0510A,ARMINTA STREET ELEMENTARY SCH,11530 STRATHERN ST NORTH HOLLYWOOD CA 91605,15,LAUSD,900-0463A,Y,N,103
6,900-0668A,DELANO RECREATION CENTER,15100 ERWIN ST VAN NUYS CA 91411,15,LACPR,900-0201B,Y,N,103
6,900-1640A,VAN NUYS RECREATION CENTER,14301 VANOWEN ST VAN NUYS CA 91405,15,LACPR,900-0588A,Y,N,103
6,900-1900B,MID VALLEY IMPC,9540 VAN NUYS BLVD PANORAMA CITY CA 91402,15,LACPR,900-0205A,Y,N,103
6,900-2176A,EL PROYECTO DEL BARRIO,9024 LAUREL CANYON BLVD SUN VALLEY CA 91352,15,BUS.,900-0468A,Y,N,103
6,900-5188A,UNITED METHODIST CHURCH,6260 TYRONE AVE VAN NUYS CA 91401,15,CHUR1,900-5188A,Y,N,103
6,900-5189A,VOLKSWAGEN OF VAN NUYS,6115 VAN NUYS BLVD VAN NUYS CA 91401,15,BUS.,900-5189A,Y,N,103
6,900-7341A,EL PROYECTO WORK SOURCE,9024 LAUREL CANYON BLVD SUN VALLEY CA 91352,15,BUS.,900-7341C,Y,N,103
7,900-0009A,FIRST BAPTIST CHURCH SYLMAR,13261 GLENOAKS BLVD SYLMAR CA 91342,16,CHUR1,900-0009A,Y,N,101
7,900-0021A,OAK PARK HEALTHCARE CENTER,9166 TUJUNGA CANYON BLVD TUJUNGA CA 91042,16,SRHMS,900-0021A,Y,N,101
7,900-0027A,FENTON AVENUE CHARTER SCHOOL,11828 GAIN ST SYLMAR CA 91342,16,LAUSD,900-0027A,N,N,101
7,900-0060A,OSCEOLA ST ELEMENTARY SCHOOL,14940 OSCEOLA ST SYLMAR CA 91342,16,LAUSD,900-6224B,Y,N,101
7,900-0068A,LAKE VIEW TERR AMER BAPT CHR,11901 FOOTHILL BLVD SYLMAR CA 91342,16,CHUR1,900-0045A,Y,N,101
7,900-0070A,TELFAIR AVENUE ELEMENTARY,10975 TELFAIR AVE PACOIMA CA 91331,16,LAUSD,900-0070A,Y,N,101
7,900-0087A,APPERSON ELEMENTARY SCHOOL,10233 WOODWARD AVE SUNLAND CA 91040,16,LAUSD,900-0087B,Y,N,101
7,900-0107A,EXPRESS IMMIGRATION,10143 SEPULVEDA BLVD MISSION HILLS CA 91345,16,BUS.,900-0107A,Y,N,101
7,900-0134A,VALLEY PRIDE VILLAGE,13200 BROMONT AVE SYLMAR CA 91342,16,SRHMS,900-0134A,Y,N,101
7,900-0139B,HUBBARD ST ELEM SCHOOL,13325 HUBBARD ST SYLMAR CA 91342,16,LAUSD,900-0139C,Y,N,101
7,900-0141A,HERRICK AVE ELEMENTARY SCHOOL,13350 HERRICK AVE SYLMAR CA 91342,16,LAUSD,900-7749A,Y,N,101
7,900-0144A,SYLMAR ELEMENTARY SCHOOL,13291 PHILLIPPI AVE SYLMAR CA 91342,16,LAUSD,900-0144B,Y,N,101
7,900-0163A,BERMUDA MOBILE HOME PARK,15454 COPPER ST MISSION HILLS CA 91345,16,MBLHM,900-0163A,Y,N,101
7,900-0167A,SAN JOSE ELEMENTARY SCHOOL,14928 CLYMER ST MISSION HILLS CA 91345,16,LAUSD,900-0167A,Y,N,101
7,900-0190A,DYER STREET ELEMENTARY SCHOOL,14500 DYER ST SYLMAR CA 91342,16,LAUSD,900-6214B,Y,N,101
7,900-0232A,MACLAY MIDDLE SCHOOL,12540 PIERCE ST PACOIMA CA 91331,16,LAUSD,900-0232A,Y,N,101
7,900-0301A,SYLMAR RECREATION CENTER,13109 BORDEN AVE SYLMAR CA 91342,16,LACPR,900-0300A,Y,N,101
7,900-0305A,OAKRIDGE MOBILE PARK,15455 GLENOAKS BLVD SYLMAR CA 91342,16,MBLHM,900-0305A,Y,N,101
7,900-0308B,EL CARISO PARK,13100 HUBBARD ST SYLMAR CA 91342,16,MISCP,900-0308B,Y,N,101
7,900-0313B,VAUGHN NEXT CENTURY LEARNING,13330 VAUGHN ST SAN FERNANDO CA 91340,16,LAUSD,900-0069B,Y,N,101
7,900-0314C,EL NIDO FAMILY CENTER,11243 GLENOAKS BLVD PACOIMA CA 91331,16,MISCP,900-0321A,Y,N,101
7,900-0325A,DISCOVERY CHARTER PREP SCHOOL,13570 ELDRIDGE AVE SYLMAR CA 91342,16,SCH-P,900-2902B,Y,N,101
7,900-0327E,SAN FERNANDO HIGH SCHOOL,11133 OMELVENY AVE SAN FERNANDO CA 91340,16,LAUSD,900-0171A,Y,N,101
7,900-0330A,HISPANIC 7TH DAY ADVENT CHR ,14646 CHATSWORTH DR MISSION HILLS CA 91345,16,CHUR1,900-0330A,Y,N,101
7,900-0374A,JOSE VILVAHO INSURANCE SERV.,10642 1/2 SEPULVEDA BLVD MISSION HILLS CA 91345,16,BUS.,900-0074A,Y,N,101
7,900-0390C,RITCHIE VALENS RECREATION CTR,10731 LAUREL CANYON BLVD PACOIMA CA 91331,16,LACPR,900-2885B,Y,N,101
7,900-0396A,MONTAGUE CHARTER ACADEMY,13000 MONTAGUE ST PACOIMA CA 91331,16,LAUSD,900-0396A,Y,N,101
7,900-0398A,LASSEN ELEMENTARY SCHOOL,15017 SUPERIOR ST NORTH HILLS CA 91343,16,LAUSD,900-0178A,Y,N,101
7,900-0399A,PLUMMER ELEMENTARY SCHOOL,9340 NOBLE AVE NORTH HILLS CA 91343,16,LAUSD,900-0399A,Y,N,101
7,900-0448B,VERDUGO HILLS HIGH SCHOOL,10625 PLAINVIEW AVE TUJUNGA CA 91042,16,LAUSD,900-0179A,Y,N,101
7,900-0632B,SUNLAND SR CITIZEN CENTER,8640 FENWICK ST SUNLAND CA 91040,16,LACPR,900-0637B,Y,N,101
7,900-0641A,MOUNTAIN VIEW ELEMENTARY SCH,6410 OLCOTT ST TUJUNGA CA 91042,16,LAUSD,900-0641A,Y,N,101
7,900-0646A,NORTHEAST VALLEY CITY HALL,7747 FOOTHILL BLVD TUJUNGA CA 91042,16,LACPR,900-0646A,Y,N,101
7,900-0654A,VERDUGO HILLS FAMILY YMCA,6840 FOOTHILL BLVD TUJUNGA CA 91042,16,COMMU,900-0654A,Y,N,101
7,900-0655A,BOLTON MUSEUM,10110 COMMERCE AVE TUJUNGA CA 91042,16,LACPR,900-0655A,Y,N,101
7,900-0695A,BETHEL CHURCH,10725 PENROSE ST SUN VALLEY CA 91352,16,CHUR1,900-2794A,Y,N,101
7,900-0998A,EL DORADO AVE ELEMENTARY SCH,12749 EL DORADO AVE SYLMAR CA 91342,16,LAUSD,900-0998B,Y,N,101
7,900-1065A,PHOENIX HOUSE,11600 ELDRIDGE AVE LAKE VIEW TERRACE CA 91342,16,BUS.,900-2898A,Y,N,101
7,900-1077A,HUBERT HUMPHREY REC CENTER,12560 FILMORE ST PACOIMA CA 91331,16,LACPR,900-1077A,Y,N,101
7,900-1700C,HARDING ST ELEMENTARY SCHOOL,13060 HARDING ST SYLMAR CA 91342,16,LAUSD,900-6212A,Y,N,101
7,900-1907A,PACOIMA MIDDLE SCHOOL,9919 LAUREL CANYON BLVD PACOIMA CA 91331,16,LAUSD,900-0390A,Y,N,101
7,900-2256A,BRAINARD AVENUE ELEMENTARY,11407 BRAINARD AVE SYLMAR CA 91342,16,LAUSD,900-2256B,Y,N,101
7,900-2269A,SEPULVEDA MIDDLE SCHOOL,15330 PLUMMER ST NORTH HILLS CA 91343,16,LAUSD,900-0993B,Y,N,101
7,900-2314A,OUR LADY OF PEACE ,15444 NORDHOFF ST NORTH HILLS CA 91343,16,CHUR1,900-2314B,Y,N,101
7,900-2398A,WENDILLS CHICKEN HOUSE,10337 SAN FERNANDO RD PACOIMA CA 91331,16,REST,900-2886A,Y,N,101
7,900-2730A,LABORERS UNION LOCAL 300,14800 DEVONSHIRE ST MISSION HILLS CA 91345,16,BUS.,900-2730A,Y,N,101
7,900-2796A,STONEHURST RECREATION CENTER,9901 DRONFIELD AVE SUN VALLEY CA 91352,16,LACPR,900-3995A,Y,N,101
7,900-3606A,SYLMAR CHRISTIAN FELLOWSHIP,13901 POLK ST SYLMAR CA 91342,16,CHUR1,900-3606A,Y,N,101
7,900-5656A,SHADOW HILLS PRESBY CHURCH,10158 JOHANNA AVE SUNLAND CA 91040,16,CHUR1,900-5656A,Y,N,101
7,900-5666A,PACOIMA CHARTER SCHOOL,11016 NORRIS AVE PACOIMA CA 91331,16,LAUSD,900-5666A,Y,N,101
7,900-6224A,GALPIN HONDA,11151 LAUREL CANYON BLVD SAN FERNANDO CA 91340,16,BUS.,900-0327A,Y,N,101
8,900-0282A,YES ACADEMY,3140 HYDE PARK BLVD LOS ANGELES CA 90043,17,LAUSD,900-0282A,Y,N,104
8,900-0288A,ST ANDREWS RECREATION CENTER,8701 S ST ANDREWS PL LOS ANGELES CA 90047,17,LACPR,900-0288A,Y,N,104
8,900-0289A,MOTHER OF SORROWS CHURCH,114 W 087TH ST LOS ANGELES CA 90003,17,CHUR1,900-0289A,Y,N,104
8,900-0290B,HEAVENLY VISION SENIOR CENTER,9500 S BROADWAY LOS ANGELES CA 90003,17,SRHMS,900-1115A,Y,N,104
8,900-0293A,HAYS TABERNACLE CME CHURCH,10121 S CENTRAL AVE LOS ANGELES CA 90002,17,CHURC,900-0293A,Y,N,104
8,900-0295B,SAMUEL GOMPERS MIDDLE SCHOOL,234 E 112TH ST LOS ANGELES CA 90061,17,LAUSD,900-1964A,Y,N,104
8,900-0366A,BETHEL AME CHURCH,7911 S WESTERN AVE LOS ANGELES CA 90047,17,CHUR1,900-0366A,N,N,104
8,900-0565A,MT TABOR BAPTIST CHURCH,6614 S WESTERN AVE LOS ANGELES CA 90047,17,CHUR1,900-0565B,Y,N,104
8,900-0908A,FIFTY-NINTH ST ELEMENTARY SCH,5939 002ND AVE LOS ANGELES CA 90043,17,LAUSD,900-2163A,Y,N,104
8,900-0945B,VAN NESS PARK RECREATION CTR,5720 002ND AVE LOS ANGELES CA 90043,17,LACPR,900-0533B,Y,N,104
8,900-1000A,THE ALLEN HOUSE,2249 S HARVARD BLVD LOS ANGELES CA 90018,17,CHUR1,900-1741A,Y,N,104
8,900-1024A,VERMONT AVE ELEMENTARY SCHOOL,1435 W 027TH ST LOS ANGELES CA 90007,17,LAUSD,900-1024B,Y,N,104
8,900-1026C,ABUNDANT LIFE CHRISTIAN CHR,3500 S NORMANDIE AVE LOS ANGELES CA 90007,17,CHUR1,900-1762A,Y,N,104
8,900-1030A,LOREN MILLER REC CENTER,2717 HALLDALE AVE LOS ANGELES CA 90018,17,LACPR,900-1684B,Y,N,104
8,900-1314A,SIXTY-EIGHTH ST ELEMENTARY ,612 W 068TH ST LOS ANGELES CA 90044,17,LAUSD,900-1314A,Y,N,104
8,900-1739A,WARD VILLAS SENIOR HOUSING,1177 W ADAMS BLVD LOS ANGELES CA 90007,17,SRHMS,900-1739A,Y,N,104
8,900-1755A,BETTY HILL SR CITIZEN CTR,3570 S DENKER AVE LOS ANGELES CA 90018,17,LACPR,900-1755A,Y,N,104
8,900-1757A,WEEMES ELEMENTARY SCHOOL,1260 W 036TH PL LOS ANGELES CA 90007,17,LAUSD,900-1107A,Y,N,104
8,900-1779A,TRINITY BAPTIST CH/ENT CIMMAR,2040 W JEFFERSON BLVD LOS ANGELES CA 90018,17,CHUR1,900-1779A,Y,N,104
8,900-1779B,TRINITY BAPTIST CH/ENT CIMARR,2040 W JEFFERSON BLVD LOS ANGELES CA 90018,17,CHUR1,900-3969A,Y,N,104
8,900-1799A,ALGIN SUTTON RECREATION CTR,8800 S HOOVER ST LOS ANGELES CA 90044,17,LACPR,900-1799A,N,N,104
8,900-1974A,MT CARMEL RECREATION CTR,830 W 070TH ST LOS ANGELES CA 90044,17,LACPR,900-2025B,Y,N,104
8,900-2073A,MARTIN LUTHER KING REC CTR,3916 S WESTERN AVE LOS ANGELES CA 90062,17,LACPR,900-2073A,Y,N,104
8,900-2074B,NORMANDIE COMM WORSHIP CTR,3801 S NORMANDIE AVE LOS ANGELES CA 90037,17,CHURC,900-1979A,Y,N,104
8,900-2101A,STENTORIANS ,1409 W VERNON AVE LOS ANGELES CA 90062,17,COMMU,900-2090A,Y,N,104
8,900-2103A,CONSOLIDATED BD OF REALTISTS ,3725 DON FELIPE DR LOS ANGELES CA 90008,17,BUS.,900-2103A,N,N,104
8,900-2124A,GRACE UNITED METHODIST CHURCH,4112 W SLAUSON AVE LOS ANGELES CA 90043,17,CHUR1,900-2124A,Y,N,104
8,900-2126A,PEOPLES INDEPENDENT COC,5856 WEST BLVD LOS ANGELES CA 90043,17,CHURC,900-2126A,Y,N,104
8,900-2128A,CHRIST TEMPLE CHURCH,3125 W 054TH ST LOS ANGELES CA 90043,17,CHUR1,900-2128A,Y,N,104
8,900-2129A,ST JOHN EVANGELIST CHURCH,6021 VICTORIA AVE LOS ANGELES CA 90043,17,CHUR1,900-2129A,Y,N,104
8,900-2133A,BRYANT TEMPLE AME CHURCH,2514 W VERNON AVE LOS ANGELES CA 90008,17,CHUR1,900-2133A,Y,N,104
8,900-2136A,GREATER BETHEL CATHEDRAL,4831 S GRAMERCY PL LOS ANGELES CA 90062,17,CHUR1,900-2136A,N,N,104
8,900-2143A,ANGELES MESA ELEMENTARY SCH,2611 W 052ND ST LOS ANGELES CA 90043,17,LAUSD,900-2140A,N,N,104
8,900-2156A,WESTERN AVENUE ELEMENTARY,1724 W 053RD ST LOS ANGELES CA 90062,17,LAUSD,900-2156B,Y,N,104
8,900-2157A,HARVARD RECREATION CENTER ,1535 W 062ND ST LOS ANGELES CA 90047,17,LACPR,900-2157A,Y,N,104
8,900-2177A,HOLY TABERNACLE BAPTIST CHR,2312 W FLORENCE AVE LOS ANGELES CA 90043,17,CHUR1,900-0283A,Y,N,104
8,900-2178A,HORACE MANN MIDDLE SCHOOL,7001 S ST ANDREWS PL LOS ANGELES CA 90047,17,LAUSD,900-2178A,Y,N,104
8,900-2207A,GUIDANCE CHR OF REL SCIENCE,7225 CRENSHAW BLVD LOS ANGELES CA 90043,17,CHUR1,900-2207A,Y,N,104
8,900-2211A,74TH ST ELEMENTARY SCHOOL,2112 W 074TH ST LOS ANGELES CA 90047,17,LAUSD,900-2211A,Y,N,104
8,900-2214A,ST MARKS METHODIST CHURCH,8305 S GRAMERCY PL LOS ANGELES CA 90047,17,CHUR1,900-2212A,Y,N,104
8,900-2219A,COMMUNITY UNITED PRESB CHR,7501 S NORMANDIE AVE LOS ANGELES CA 90044,17,CHUR1,900-0285A,Y,N,104
8,900-2484B,RAYMOND AVE ELEMENTARY SCHOOL,7511 S RAYMOND AVE LOS ANGELES CA 90044,17,LAUSD,900-2489B,Y,N,104
8,900-2491A,RITA WALTERS LEARNING COMPLEX,915 W MANCHESTER AVE LOS ANGELES CA 90044,17,MISCP,900-2063A,Y,N,104
8,900-2492C,MESSIAH LUTHERAN CHURCH,1149 W MANCHESTER AVE LOS ANGELES CA 90044,17,CHUR1,900-5414C,N,N,104
8,900-2494B,BRET HARTE MIDDLE SCHOOL,9301 S HOOVER ST LOS ANGELES CA 90044,17,LAUSD,900-1132A,N,N,104
8,900-2499A,LA SALLE AVENUE ELEMENTARY,8715 LA SALLE AVE LOS ANGELES CA 90047,17,LAUSD,900-2499A,Y,N,104
8,900-2503A,MT GILEAD MISSIONARY BAPT CHR,9201 S NORMANDIE AVE LOS ANGELES CA 90044,17,CHUR1,900-2503A,Y,N,104
8,900-2505A,MANHATTAN PLACE ELEMENTARY,1850 W 096TH ST LOS ANGELES CA 90047,17,LAUSD,900-2502A,Y,N,104
8,900-2510A,COMMUNITY CHURCH OF L A,10611 S HOOVER ST LOS ANGELES CA 90044,17,CHUR1,900-0296A,Y,N,104
8,900-2529A,NINETY-NINTH ST ELEM SCHOOL,9900 S WADSWORTH AVE LOS ANGELES CA 90002,17,LAUSD,900-2529A,Y,N,104
8,900-3029B,CHARLES W BARRETT ELEM SCH,419 W 098TH ST LOS ANGELES CA 90003,17,LAUSD,900-2496B,Y,N,104
8,900-5484A,LOREN MILLER ELEMENTARY SCH,830 W 077TH ST LOS ANGELES CA 90044,17,LAUSD,900-2485A,N,N,104
9,900-0748A,HOOPER ELEMENTARY SCHOOL,1225 E 052ND ST LOS ANGELES CA 90011,18,LAUSD,900-0748A,Y,N,104
9,900-0824A,SOUTHERN CALIFORNIA LIBRARY,6120 S VERMONT AVE LOS ANGELES CA 90044,18,BUS.,900-0824A,Y,N,104
9,900-0958A,AVALON CARVER COMM CENTER,4920 S AVALON BLVD LOS ANGELES CA 90011,18,COMMU,900-0958A,Y,N,104
9,900-1003A,WESLEY UNITED METHODIST CHR,5139 S MAIN ST LOS ANGELES CA 90037,18,CHUR1,900-1003E,Y,N,104
9,900-1031A,HOLY CROSS CHURCH,104 W 047TH PL LOS ANGELES CA 90037,18,CHUR1,900-1031C,Y,N,104
9,900-1046A,TRINITY RECREATION CENTER,2415 TRINITY ST LOS ANGELES CA 90011,18,LACPR,900-1046F,Y,N,104
9,900-1055A,PHILLIPS TEMPLE CME CHURCH,971 E 043RD ST LOS ANGELES CA 90011,18,CHUR1,900-1548D,Y,N,104
9,900-1081A,WLCAC-LINDSEY SR CENTER,429 E 042ND PL LOS ANGELES CA 90011,18,SRHMS,900-1081C,Y,N,104
9,900-1129A,TRINITY STREET ELEMENTARY SCH,3736 TRINITY ST LOS ANGELES CA 90011,18,LAUSD,900-1708E,Y,N,104
9,900-1130B,JOHN ADAMS MIDDLE SCHOOL,151 W 030TH ST LOS ANGELES CA 90007,18,LAUSD,900-1130D,Y,N,104
9,900-1563A,PROSPERITY M B CHURCH,6006 S MAIN ST LOS ANGELES CA 90003,18,CHUR1,900-1563A,N,N,104
9,900-1582B,MT MORIAH BAPTIST CHURCH,4269 S FIGUEROA ST LOS ANGELES CA 90037,18,CHUR1,900-2459A,Y,N,104
9,900-1583A,HARRIS RESIDENTIAL HALL,634 W 034TH ST LOS ANGELES CA 90089,18,SC-PR,900-1961A,Y,N,104
9,900-1591C,FIFTY-SECOND ST ELEMENTARY,816 W 051ST ST LOS ANGELES CA 90037,18,LAUSD,900-1170A,Y,N,104
10,900-2306A,ARLINGTON HGHTS ELEM.,1717 007TH AVE LOS ANGELES CA 90019,19,LAUSD,900-2306A,Y,N,104
9,900-1706A,WADSWORTH ELEMENTARY SCHOOL,981 E 041ST ST LOS ANGELES CA 90011,18,LAUSD,900-1706A,Y,N,104
9,900-1712C,ESTRELLA ELEMENTARY SCHOOL,120 E 057TH ST LOS ANGELES CA 90011,18,LAUSD,900-1068A,Y,N,104
9,900-1927C,WALKER TEMPLE A M E CHURCH,2525 TRINITY ST LOS ANGELES CA 90011,18,CHUR1,900-0280C,Y,N,104
9,900-1929A,OUR SAVIOR PARISH CHURCH,844 W 032ND ST LOS ANGELES CA 90007,18,CHUR1,900-0554A,Y,N,104
9,900-1932B,KILGORE MANOR APT,2411 S CENTRAL AVE LOS ANGELES CA 90011,18,APT,900-1932B,Y,N,104
9,900-1941A,PLACE CALLED HOME,2830 S CENTRAL AVE LOS ANGELES CA 90011,18,COMMU,900-0280A,Y,N,104
9,900-1950A,AMITY FOUNDATION,3750 S GRAND AVE LOS ANGELES CA 90007,18,BUS.,900-1950A,Y,N,104
9,900-1957A,GREEN MEADOWS RECREATION CTR,431 E 089TH ST LOS ANGELES CA 90003,18,LACPR,900-1955A,Y,N,104
9,900-1961B,MENLO AVE ELEMENTARY SCHOOL,4156 MENLO AVE LOS ANGELES CA 90037,18,LAUSD,900-1583B,Y,N,104
9,900-1966A,PVJOBS,4112 S MAIN ST LOS ANGELES CA 90037,18,COMMU,900-1966A,Y,N,104
9,900-1980A,ROSS SNYDER RECREATION CTR,1501 E 041ST ST LOS ANGELES CA 90011,18,LACPR,900-1940C,Y,N,104
9,900-1987A,ASCOT ELEMENTARY SCHOOL,1447 E 045TH ST LOS ANGELES CA 90011,18,LAUSD,900-1987A,Y,N,104
9,900-1991A,EMMANUEL AME CHURCH,5200 COMPTON AVE LOS ANGELES CA 90011,18,CHUR1,900-1991A,N,N,104
9,900-2005A,MAIN ST ELEMENTARY SCHOOL,129 E 053RD ST LOS ANGELES CA 90011,18,LAUSD,900-0985B,Y,N,104
9,900-2021A,FIGUEROA CHURCH OF CHRIST,455 W 057TH ST LOS ANGELES CA 90037,18,CHUR1,900-2020A,Y,N,104
9,900-2022A,SIXTY-FIRST ST ELEMENTARY SCH,6020 S FIGUEROA ST LOS ANGELES CA 90003,18,LAUSD,900-2022A,Y,N,104
9,900-2027A,NEELYS EDUCATIONAL MATERIAL ,5950 S BROADWAY LOS ANGELES CA 90003,18,BUS.,900-2027A,Y,N,104
9,900-2033A,BETHUNE MIDDLE SCHOOL,155 W 069TH ST LOS ANGELES CA 90003,18,LAUSD,900-2033A,Y,N,104
9,900-2037A,SIXTY-SIXTH ST ELEM SCH / AUD,6600 S SAN PEDRO ST LOS ANGELES CA 90003,18,LAUSD,900-2037A,N,N,104
9,900-2042B,GOSPEL MISSION BAPTIST CHURCH,7301 S AVALON BLVD LOS ANGELES CA 90003,18,CHUR1,900-1260A,Y,N,104
9,900-2043A,KING SOLOMON M B CHURCH,7407 S CENTRAL AVE LOS ANGELES CA 90001,18,CHUR1,900-2042A,Y,N,104
9,900-2050B,FREMONT HIGH SCHOOL,7676 S SAN PEDRO ST LOS ANGELES CA 90003,18,LAUSD,900-2047A,Y,N,104
9,900-2052A,MT PLEASANT HILL BAPTIST CHR,8204 S AVALON BLVD LOS ANGELES CA 90003,18,CHUR1,900-2052B,Y,N,104
9,900-2054B,AVALON GARDENS,701 E 088TH PL LOS ANGELES CA 90002,18,MISCP,900-2523B,Y,N,104
9,900-2059B,PRAISES OF ZION BAPT CHURCH,8222 S SAN PEDRO ST LOS ANGELES CA 90003,18,CHUR1,900-2047B,Y,N,104
9,900-2461A,NORMANDIE ELEMENTARY SCHOOL,4505 S RAYMOND AVE LOS ANGELES CA 90037,18,LAUSD,900-2461A,Y,N,104
9,900-2471C,CULTURAL CUTS,5408 S NORMANDIE AVE LOS ANGELES CA 90037,18,BARBE,900-2019C,Y,N,104
9,900-2472A,BUDLONG AVE ELEMENTARY SCHOOL,5940 BUDLONG AVE LOS ANGELES CA 90044,18,LAUSD,900-2472A,Y,N,104
9,900-2672A,SEVENTY-FIFTH ST ELEM SCHOOL,142 W 075TH ST LOS ANGELES CA 90003,18,LAUSD,900-2344A,Y,N,104
9,900-2929A,SLAUSON RECREATION CENTER,5306 COMPTON AVE LOS ANGELES CA 90011,18,LACPR,900-1993B,Y,N,104
10,900-0971A,KIPLING APARTMENTS,4077 W 003RD ST LOS ANGELES CA 90020,19,APTBL,900-1631A,Y,N,104
10,900-0989A,MI JOO YANG KOG CHURCH,519 S WESTERN AVE LOS ANGELES CA 90020,19,CHUR1,900-3763A,Y,N,104
10,900-0989C,SEOUL INTERNATIONAL PARK,3250 SAN MARINO ST LOS ANGELES CA 90006,19,LACPR,900-1668A,Y,N,104
10,900-0999A,JOOHYANG PRESBYTERIAN CHURCH,3412 W 004TH ST LOS ANGELES CA 90020,19,CHUR1,900-0999A,N,N,104
10,900-0999B,LA FAYETTE SR CITIZEN CTR,625 S LA FAYETTE PARK PL LOS ANGELES CA 90057,19,LACPR,900-0999B,Y,N,104
10,900-1470A,WESTSIDE MANOR,1224 S NORTON AVE LOS ANGELES CA 90019,19,MISCP,900-1470A,Y,N,104
10,900-1490A,PALMS WESTMIN. PRESB. CHR,2908 ROBERTSON PL LOS ANGELES CA 90034,19,CHUR1,900-1490A,N,N,104
10,900-1492A,PALMS WESTMINSTER PRESBY CHR,2908 ROBERTSON PL LOS ANGELES CA 90034,19,CHUR1,900-1492A,N,N,104
10,900-1551A,PIO PICO MIDDLE SCHOOL,1512 ARLINGTON AVE LOS ANGELES CA 90019,19,LAUSD,900-1720A,Y,N,104
10,900-1711A,LOS ANGELES HIGH SCHOOL,4650 W OLYMPIC BLVD LOS ANGELES CA 90019,19,LAUSD,900-1711A,Y,N,104
10,900-1721A,AMOS MEMORIAL CME CHURCH,2445 W WASHINGTON BLVD LOS ANGELES CA 90018,19,CHUR1,900-1721A,Y,N,104
10,900-1724B,ARLINGTON HEIGHTS ELEM.,1717 007TH AVE LOS ANGELES CA 90019,19,LAUSD,900-0650C,Y,N,104
10,900-1725A,ST PAUL EVANG. LUTH CHR,3901 W ADAMS BLVD LOS ANGELES CA 90018,19,CHUR1,900-1725A,Y,N,104
10,900-1729A,INDEPENDENT SQUARE,2455 S ST ANDREWS PL LOS ANGELES CA 90018,19,MISCP,900-1768B,Y,N,104
10,900-1731A,ST PAUL EVANGELICAL LUTH CHR,3901 W ADAMS BLVD LOS ANGELES CA 90018,19,CHUR1,900-1730A,Y,N,104
10,900-1738A,SUNNYVIEW CONVALESCENT CENTER,2000 W WASHINGTON BLVD LOS ANGELES CA 90018,19,BUS.,900-1681A,Y,N,104
10,900-1765A,SIXTH AVENUE ELEMENTARY SCH,3109 006TH AVE LOS ANGELES CA 90018,19,LAUSD,900-1765A,Y,N,104
10,900-1770A,FIRE STATION #34,3661 S 007TH AVE LOS ANGELES CA 90018,19,MISCP,900-1770B,Y,N,104
10,900-1775A,AADAP,2900 CRENSHAW BLVD LOS ANGELES CA 90016,19,HOSP,900-1775A,Y,N,104
10,900-1776B,TOM BRADLEY MAGNET SCHOOL,3875 DUBLIN AVE LOS ANGELES CA 90008,19,LAUSD,900-1777A,Y,N,104
10,900-1783B,VINEYARD RECREATION CENTER,2942 VINEYARD AVE LOS ANGELES CA 90016,19,LACPR,900-2348A,Y,N,104
10,900-1785A,VIRGINIA RD ELEMENTARY SCHOOL,2925 VIRGINIA RD LOS ANGELES CA 90016,19,LAUSD,900-1784A,Y,N,104
10,900-1787A,SMYRNA 7TH DAY ADVENTIST,4394 W WASHINGTON BLVD LOS ANGELES CA 90016,19,CHUR1,900-1787A,Y,N,104
10,900-2001A,L.A GOSPEL UNTD METHODIST CHR,1200 S MANHATTAN PL LOS ANGELES CA 90019,19,CHUR1,900-1721B,N,N,104
10,900-2007A,CIENEGA ELEMENTARY SCHOOL,2611 S ORANGE DR LOS ANGELES CA 90016,19,LAUSD,900-2006C,Y,N,104
10,900-2009A,BEIT T'SHUVAH,8831 VENICE BLVD LOS ANGELES CA 90034,19,COMMU,900-2009B,Y,N,104
10,900-2068A,COLISEUM ST ELEMENTARY SCHOOL,4400 COLISEUM ST LOS ANGELES CA 90016,19,LAUSD,900-2068A,Y,N,104
10,900-2069B,JIM GILLIAM PARK,4000 S LA BREA AVE LOS ANGELES CA 90008,19,LACPR,900-2069B,Y,N,104
10,900-2080A,LOS ANGELES SENTINEL,3800 CRENSHAW BLVD LOS ANGELES CA 90008,19,BUS.,900-2070A,Y,N,104
10,900-2080B,TRANSFIGURATION CATHOLIC CHR,4020 ROXTON AVE LOS ANGELES CA 90008,19,CHUR1,900-2082A,Y,N,104
10,900-2084A,FORTY-SECOND ST ELEMENTARY,4231 004TH AVE LOS ANGELES CA 90008,19,LAUSD,900-2091B,Y,N,104
10,900-2095A,AUDUBON MIDDLE SCHOOL,4120 011TH AVE LOS ANGELES CA 90008,19,LAUSD,900-2095A,Y,N,104
10,900-2113B,HILLCREST DR ELEMENTARY SCH,4041 HILLCREST DR LOS ANGELES CA 90008,19,LAUSD,900-2114B,Y,N,104
10,900-2193A,CAMEO WOODS,3648 KALSMAN DR LOS ANGELES CA 90016,19,APT,900-2193A,Y,N,104
10,900-2298A,L A CENTER ENRICHED STUDIES,5931 W 018TH ST LOS ANGELES CA 90035,19,LAUSD,900-2298A,Y,N,104
10,900-2302A,SHIP IT,5630 VENICE BLVD LOS ANGELES CA 90019,19,BUS.,900-2324B,Y,N,104
10,900-2322A,LONGWOOD MANOR,4853 W WASHINGTON BLVD LOS ANGELES CA 90016,19,SRHMS,900-2322A,Y,N,104
10,900-2323A,FIRE STATION #68,5023 W WASHINGTON BLVD LOS ANGELES CA 90016,19,FIRE,900-2323A,Y,N,104
10,900-2333B,VILLAGE GREEN ,5300 RODEO RD LOS ANGELES CA 90016,19,APTBL,900-2333B,Y,N,104
10,900-2334A,ST PAUL PRESBYTERIAN CHURCH,5100 COLISEUM ST LOS ANGELES CA 90016,19,CHUR1,900-2333A,Y,N,104
10,900-2339A,NATE HOLDEN PERFORMING ARTS,4718 W WASHINGTON BLVD LOS ANGELES CA 90016,19,BUS.,900-2337A,Y,N,104
10,900-2342A,ZOE CHRISTIAN FELLOWSHIP CHR,5315 W ADAMS BLVD LOS ANGELES CA 90016,19,CHUR1,900-2342A,Y,N,104
10,900-2357A,MARVIN AVE ELEMENTARY SCHOOL,2411 MARVIN AVE LOS ANGELES CA 90016,19,LAUSD,900-2357A,Y,N,104
10,900-2359A,L A FIRST MONTESSORI SCHOOL,213 S HOBART BLVD LOS ANGELES CA 90004,19,SC-PR,900-2359C,Y,N,104
10,900-2839A,BSP CONATY OUR LADY,2900 W PICO BLVD LOS ANGELES CA 90006,19,SC-PR,900-1009B,Y,N,104
10,900-5303A,QUEEN ANNE RECREATION CENTER,1240 WEST BLVD LOS ANGELES CA 90019,19,LACPR,900-5303A,Y,N,104
10,900-5313A,WESTERN CHR OF  LOS ANGELES,1218 S FAIRFAX AVE LOS ANGELES CA 90019,19,CHUR1,900-5313A,N,N,104
10,900-5317A,EMILIOS,5618 W PICO BLVD LOS ANGELES CA 90019,19,BUS.,900-5317B,Y,N,104
10,900-5321B,COCHRAN AV BAPTIST CHURCH,1304 S COCHRAN AVE LOS ANGELES CA 90019,19,CHUR1,900-5315A,N,N,104
10,900-5503A,WILLAIM GRANT STILL ART CTR,2520 WEST VIEW ST LOS ANGELES CA 90016,19,MISCP,900-5503A,Y,N,104
10,900-7349A,BALDWIN HILLS RECREATION CTR,5401 HIGHLIGHT PL LOS ANGELES CA 90016,19,LACPR,900-3229C,Y,N,104
11,900-0004A,ORVILLE WRIGHT MIDDLE SCHOOL,6550 W 080TH ST LOS ANGELES CA 90045,21,LAUSD,900-0004A,Y,N,102
11,900-0039A,MARINA DEL REY TOYOTA,4636 LINCOLN BLVD MARINA DEL REY CA 90292,21,BUS.,900-0039A,Y,N,102
11,900-0040A,KNIGHTS OF COLUMBUS ,8049 W MANCHESTER AVE PLAYA DEL REY CA 90293,21,BUS.,900-0040A,Y,N,102
11,900-0264A,BRENTWOOD PRESBYTERIAN CHURCH,12000 SAN VICENTE BLVD LOS ANGELES CA 90049,21,CHUR1,900-0264A,Y,N,102
11,900-0267C,LUXE HOTELS,11461 SUNSET BLVD LOS ANGELES CA 90049,21,HOTEL,900-1366A,Y,N,102
11,900-0269B,RICHLAND AVE ELEMENTARY SCH,11562 RICHLAND AVE LOS ANGELES CA 90064,21,LAUSD,900-2371D,Y,N,102
11,900-0286A,MAR VISTA GARDENS COMM CTR,4909 MARIONWOOD DR CULVER CITY CA 90230,21,MISCP,900-0286A,Y,N,102
11,900-0449A,JAPANESE COMMUNITY CENTER,12448 BRADDOCK DR LOS ANGELES CA 90066,21,COMMU,900-0449A,Y,N,102
11,900-0452A,HOLY NATIVITY EPISCOPAL CHR,6700 W 083RD ST LOS ANGELES CA 90045,21,CHUR1,900-0452A,Y,N,102
11,900-0552A,THE CENTER POINTE CLUB,6200 PLAYA VISTA DR LOS ANGELES CA 90094,21,APTBL,900-0450C,Y,N,102
11,900-0561A,VIA DOLCE HOME OWNER ASSOC,306 BORA BORA WAY VENICE CA 90292,21,APTBL,900-0561A,Y,N,102
11,900-1137A,FIRE STATION #62/VENICE SIDE,11970 VENICE BLVD LOS ANGELES CA 90066,21,MISCP,900-1137A,Y,N,102
11,900-1281A,FIRE STATION #59,11505 W OLYMPIC BLVD LOS ANGELES CA 90064,21,FIRE,900-5821B,Y,N,102
11,900-1284A,NORA STERRY ELEMENTARY SCH,1730 CORINTH AVE LOS ANGELES CA 90025,21,LAUSD,900-5823A,N,N,102
11,900-1299B,STONER RECREATION CENTER ,1835 STONER AVE LOS ANGELES CA 90025,21,LACPR,900-1299B,Y,N,102
11,900-1306A,PAUL REVERE MIDDLE SCHOOL,1450 ALLENFORD AVE LOS ANGELES CA 90049,21,LAUSD,900-1306A,Y,N,102
11,900-1307A,BRENTWOOD PRESBY. CH.,12000 SAN VICENTE BLVD LOS ANGELES CA 90049,21,CHUR1,900-1307A,Y,N,102
11,900-1312A,BARRINGTON RECREATION CENTER,333 S BARRINGTON AVE LOS ANGELES CA 90049,21,LACPR,900-1312A,Y,N,102
11,900-1320A,LADERA PARK BUILDING,6027 LADERA PARK AVE LOS ANGELES CA 90056,20,MISCP,900-1320A,Y,N,104
11,900-1326A,BARRINGTON PLAZA BLDG B,11728 WILSHIRE BLVD LOS ANGELES CA 90025,21,APTBL,900-1362A,Y,N,102
11,900-1356A,CRESTWOOD HILLS REC CENTER,1000 HANLEY AVE LOS ANGELES CA 90049,21,LACPR,900-1355A,Y,N,102
11,900-1361A,KENTER CANYON ELEMENTARY SCH,645 N KENTER AVE LOS ANGELES CA 90049,21,LAUSD,900-1361A,Y,N,102
11,900-1373A,ALDERSGATE RETREAT CENTER ,925 HAVERFORD AVE PACIFIC PALISADES CA 90272,21,HEALT,900-7683B,Y,N,102
11,900-1374B,AMERICAN LEGION POST #283,15247 LA CRUZ DR PACIFIC PALISADES CA 90272,21,CLUB,900-1382A,Y,N,102
11,900-1379A,MARQUEZ ELEMENTARY SCHOOL,16821 MARQUEZ AVE PACIFIC PALISADES CA 90272,21,LAUSD,900-1379A,Y,N,102
11,900-1395A,FIRE STATION #5,8900 EMERSON AVE LOS ANGELES CA 90045,21,MISCP,900-7402A,Y,N,102
11,900-1527A,MAR VISTA PLAYGROUND,11430 WOODBINE ST LOS ANGELES CA 90066,21,LACPR,900-1516A,Y,N,102
11,900-1542A,VENICE COMMUNITY HOUSING,720 ROSE AVE VENICE CA 90291,21,MISCP,900-1542A,Y,N,102
11,900-1546B,OAKWOOD RECREATION CENTER,767 CALIFORNIA AVE VENICE CA 90291,21,LACPR,900-1545B,Y,N,102
11,900-1547A,ELECTRIC LODGE,1416 ELECTRIC AVE VENICE CA 90291,21,BUS.,900-1547A,N,N,102
11,900-1549A,PENMAR RECREATION CENTER,1341 LAKE ST VENICE CA 90291,21,LACPR,900-1549A,Y,N,102
11,900-1558A,WALGROVE AVE ELEM SCHOOL,1630 WALGROVE AVE LOS ANGELES CA 90066,21,LAUSD,900-1558A,N,N,102
11,900-1562A,JUAREZ & ASSOCIATES,12139 NATIONAL BLVD LOS ANGELES CA 90064,21,BUS.,900-1515A,Y,N,102
11,900-1566A,ST BEDES EPISCOPAL CHURCH,3590 GRAND VIEW BLVD LOS ANGELES CA 90066,21,CHUR1,900-1566A,Y,N,102
11,900-1570C,WESTSIDE CTR FOR INDEP. LVG,12901 VENICE BLVD LOS ANGELES CA 90066,21,SRHMS,900-1569B,N,N,102
11,900-1622B,MAR VISTA FAMILY CENTER,5070 S SLAUSON AVE CULVER CITY CA 90230,21,MISCP,900-2404A,Y,N,102
11,900-1884A,LIFEGUARD HEADQUARTERS,2300 OCEAN FRONT WALK VENICE CA 90291,21,MISCP,900-1884C,Y,N,102
11,900-1938A,WESTMINSTER ELEMENTARY SCH,1010 ABBOT KINNEY BLVD VENICE CA 90291,21,LAUSD,900-1244A,Y,N,102
11,900-2180A,WESTCHESTER CHURCH OF CHRIST,5925 W 079TH ST LOS ANGELES CA 90045,21,CHUR1,900-2180A,Y,N,102
11,900-2181A,ST JEROME PARISH,5550 THORNBURN ST LOS ANGELES CA 90045,21,CHUR1,900-2181A,Y,N,102
11,900-2186A,INGLEWOOD CENTINELA ADOBE,7634 MIDFIELD AVE LOS ANGELES CA 90045,21,COMMU,900-2185A,Y,N,102
11,900-2378A,VENICE HIGH SCHOOL,13000 VENICE BLVD LOS ANGELES CA 90066,21,LAUSD,900-2377A,N,N,102
11,900-2389A,THE BIBLE TABERNACLE CHURCH,1761 WASHINGTON WAY VENICE CA 90291,21,CHUR1,900-2389A,N,N,102
11,900-2394A,LIGHTHOUSE PROPERTIES,3121 WASHINGTON BLVD MARINA DEL REY CA 90292,21,BUS.,900-2392A,Y,N,102
11,900-2395B,SHORT AV ELEMENTARY SCHOOL,12814 MAXELLA AVE LOS ANGELES CA 90066,21,LAUSD,900-1308A,Y,N,102
11,900-2405A,AMERICAN LEGION POST #46,5309 SEPULVEDA BLVD CULVER CITY CA 90230,21,CLUB,900-2405A,Y,N,102
11,900-2409A,PLAYA DEL REY ELEMENTARY SCH,12221 JUNIETTE ST CULVER CITY CA 90230,21,LAUSD,900-2409A,Y,N,102
11,900-2418A,WESTCHESTER CHR-O-NAZARENE,7299 W MANCHESTER AVE LOS ANGELES CA 90045,21,CHUR1,900-1876A,Y,N,102
11,900-2421A,WESTCHESTER MASONIC CENTER,7726 W MANCHESTER AVE PLAYA DEL REY CA 90293,21,CLUB,900-2421A,Y,N,102
11,900-2432C,COWAN AVE ELEMENTARY SCHOOL,7615 COWAN AVE LOS ANGELES CA 90045,21,LAUSD,900-0018A,Y,N,102
11,900-3072A,BRIARCLIFF APARTMENTS,8701 DELGANY AVE PLAYA DEL REY CA 90293,21,APTBL,900-3072A,N,N,102
11,900-3202A,VENICE UNITED METHODIST CHR,2210 LINCOLN BLVD VENICE CA 90291,21,CHUR1,900-0003A,Y,N,102
11,900-3235A,NEW BETHEL BAPTIST CHURCH,503 BROOKS AVE VENICE CA 90291,21,CHUR1,900-1545A,N,N,102
11,900-3431A,CREST PROMONTORY AREA ASSN,12600 PROMONTORY RD LOS ANGELES CA 90049,21,CCLUB,900-3431A,N,N,102
11,900-5386A,TABOR COURTS APARTMENTS,345 004TH AVE VENICE CA 90291,21,APTBL,900-5386A,Y,N,102
11,900-5816A,EAGLE SHOE REPAIR ,12122 SANTA MONICA BLVD LOS ANGELES CA 90025,21,BUS.,900-5816A,Y,N,102
11,900-5821A,CORNERSTONE BPTST CH OF W LA,1609 S BARRINGTON AVE LOS ANGELES CA 90025,21,CHUR1,900-5821A,Y,N,102
11,900-5827A,BROCKTON AVENUE ELEMENTARY,1309 ARMACOST AVE LOS ANGELES CA 90025,21,LAUSD,900-5827A,Y,N,102
11,900-5918A,RUSTIC CANYON RECREATION CTR,601 LATIMER RD SANTA MONICA CA 90402,21,LACPR,900-5918A,Y,N,102
11,900-5921A,FIRE STATION #23,17281 SUNSET BLVD PACIFIC PALISADES CA 90272,21,MISCP,900-5921A,Y,N,102
11,900-5924A,PALISADES LUTHERAN CHURCH,15905 SUNSET BLVD PACIFIC PALISADES CA 90272,21,CHUR1,900-5923A,Y,N,102
11,900-5936A,EXTRA SPACE STORAGE,658 VENICE BLVD VENICE CA 90291,21,BUS.,900-5936A,Y,N,102
11,900-7402B,PARAMOUNT LIMOUSINE SVCS,7115 W MANCHESTER AVE LOS ANGELES CA 90045,21,BUS.,900-2429A,Y,N,102
12,900-0005A,NOBEL MIDDLE SCHOOL,9950 TAMPA AVE NORTHRIDGE CA 91324,22,LAUSD,900-0005B,Y,N,104
12,900-0011C,MAYALL ACADEMY OF ARTS & TECH,16701 MAYALL ST NORTH HILLS CA 91343,22,LAUSD,900-0011B,Y,N,104
12,900-0016A,MASON RECREATION CENTER,10500 MASON AVE CHATSWORTH CA 91311,22,LACPR,900-0016A,Y,N,104
12,900-0017A,BECKFORD AV ELEMENTARY SCHOOL,19130 TULSA ST NORTHRIDGE CA 91326,22,LAUSD,900-0017A,N,N,104
12,900-0023A,BROOKDALE CHATSWORTH SNR LVG,20801 DEVONSHIRE ST CHATSWORTH CA 91311,22,SRHMS,900-0023A,Y,N,104
12,900-0025A,LAWRENCE MIDDLE SCHOOL,10100 VARIEL AVE CHATSWORTH CA 91311,22,LAUSD,900-0025A,Y,N,104
12,900-0031A,ELIES LOCK & KEY,10180 MASON AVE CHATSWORTH CA 91311,22,BUS.,900-0030A,Y,N,104
12,900-0032B,ST JOHN EUDES CHURCH,9901 MASON AVE CHATSWORTH CA 91311,22,CHUR1,900-2884B,Y,N,104
12,900-0033A,JUSTICE STREET ELEMENTARY SCH,23350 JUSTICE ST WEST HILLS CA 91304,22,LAUSD,900-0033B,Y,N,104
12,900-0064A,COMM CHRISTIAN ALLIANCE CHR,18827 ROSCOE BLVD NORTHRIDGE CA 91324,22,CHUR1,900-0064A,Y,N,104
12,900-0072A,SEPULVEDA UNI-UNIVERSAL SCTY,9550 HASKELL AVE NORTH HILLS CA 91343,22,CHUR1,900-0072A,Y,N,104
12,900-0073A,KOREAN CHR OF NORTH L.A.,8756 WOODLEY AVE NORTH HILLS CA 91343,22,CHUR1,900-0073A,Y,N,104
12,900-0083A,LORNE ST ELEMENTARY SCHOOL,17440 LORNE ST NORTHRIDGE CA 91325,23,LAUSD,900-0083A,Y,N,103
12,900-0084A,CAPISTRANO AV ELEMENTARY SCH,8118 CAPISTRANO AVE CANOGA PARK CA 91304,22,LAUSD,900-0084A,Y,N,104
12,900-0086A,EMMANUEL COVENANT CHURCH,17645 SATICOY ST NORTHRIDGE CA 91325,23,CHUR1,900-0086B,Y,N,103
12,900-0104A,ROCKPOINTE,22300 DEVONSHIRE ST CHATSWORTH CA 91311,22,COMMU,900-2487A,Y,N,104
12,900-0115A,NEW HORIZON CHURCH,8055 RESEDA BLVD RESEDA CA 91335,22,CHUR1,900-2777A,Y,N,104
12,900-0118A,BROOKDALE NORTHRIDGE,17650 DEVONSHIRE ST NORTHRIDGE CA 91325,22,SRHMS,900-0118A,Y,N,104
12,900-0131A,NORTHRIDGE VILLAGE,8065 CANBY AVE RESEDA CA 91335,22,APTBL,900-0131A,Y,N,104
12,900-0132A,AS YOU ARE CHURCH,7855 LINDLEY AVE RESEDA CA 91335,23,CHUR1,900-0132A,Y,N,103
12,900-0158B,NORTHRIDGE RECREATION PARK,18300 LEMARSH ST NORTHRIDGE CA 91325,22,LACPR,900-0158C,Y,N,104
12,900-0168B,FIRE STATION #70,9861 RESEDA BLVD NORTHRIDGE CA 91324,22,MISCP,900-0168B,Y,N,104
12,900-0191A,THE GARDEN CHRISTIAN ,20745 NORDHOFF ST CHATSWORTH CA 91311,22,CHUR1,900-0034A,Y,N,104
12,900-0198A,PATRICK HENRY MIDDLE SCHOOL,17340 SAN JOSE ST GRANADA HILLS CA 91344,22,LAUSD,900-6258A,Y,N,104
12,900-0207A,SHADOW RANCH PARK,22633 VANOWEN ST CANOGA PARK CA 91307,22,LACPR,900-0207A,Y,N,104
12,900-0333A,OUR SAVIORS LUTHERAN CHURCH,16603 SAN FERNANDO MIS BLVD GRANADA HILLS CA 91344,22,CHUR1,900-0333A,Y,N,104
12,900-0334A,JOHN F KENNEDY HIGH SCHOOL,11254 GOTHIC AVE GRANADA HILLS CA 91344,22,LAUSD,900-0334A,Y,N,104
12,900-0340A,DANUBE AV ELEMENTARY SCHOOL,11220 DANUBE AVE GRANADA HILLS CA 91344,22,LAUSD,900-0222B,Y,N,104
12,900-0343A,TULSA ST ELEMENTARY SCHOOL,10900 HAYVENHURST AVE GRANADA HILLS CA 91344,22,LAUSD,900-2892C,Y,N,104
12,900-0345A,HASKELL ELEMENTARY SCHOOL,15850 TULSA ST GRANADA HILLS CA 91344,22,LAUSD,900-0223A,Y,N,104
12,900-0352A,WOODLEY COMMUNITY CHURCH,10341 WOODLEY AVE GRANADA HILLS CA 91344,22,CHURC,900-0352A,Y,N,104
12,900-0362A,ST STEPHEN`S LUTHERAN CHURCH,15950 CHATSWORTH ST GRANADA HILLS CA 91344,22,CHUR1,900-2514C,Y,N,104
12,900-0419A,CANTARA ST ELEMENTARY SCHOOL,17950 CANTARA ST RESEDA CA 91335,23,LAUSD,900-0419A,Y,N,103
12,900-0559A,CHILD AND FAMILY GUIDENCE CTR,9650 ZELZAH AVE NORTHRIDGE CA 91325,22,COMMU,900-0559A,Y,N,104
12,900-0624A,POMELO DR ELEMENTARY SCHOOL,7633 MARCH AVE CANOGA PARK CA 91304,22,LAUSD,900-0624A,Y,N,104
12,900-1276A,VALLEY KOREAN UNITED CHURCH,10408 BALBOA BLVD GRANADA HILLS CA 91344,22,CHUR1,900-0224A,Y,N,104
12,900-1743A,NORTH VALLEY FAMILY  YMCA ,11336 CORBIN AVE NORTHRIDGE CA 91326,22,CLUB,900-1744A,Y,N,104
12,900-1754A,ROBERT FROST MIDDLE SCHOOL,12314 BRADFORD PL GRANADA HILLS CA 91344,22,LAUSD,900-1754B,Y,N,104
12,900-1805A,GRANADA HILLS CHARTER ELEM,17170 TRIBUNE ST GRANADA HILLS CA 91344,22,LAUSD,900-1805A,Y,N,104
12,900-1825C,CALAHAN ELEMENTARY SCHOOL,18722 KNAPP ST NORTHRIDGE CA 91324,22,LAUSD,900-0168A,Y,N,104
12,900-2264A,IN CHRIST COMMUNITY CHURCH,19514 RINALDI ST NORTHRIDGE CA 91326,22,CHUR1,900-2264A,Y,N,104
12,900-2276B,JAMES MONROE HIGH SCHOOL,9229 HASKELL AVE NORTH HILLS CA 91343,23,LAUSD,900-0363B,Y,N,103
12,900-2509A,GRANADA HILLS COMM CENTER ,16730 CHATSWORTH ST GRANADA HILLS CA 91344,22,LACPR,900-2509A,Y,N,104
12,900-2828B,NEW LIFE CHR OF THE NAZARENE,10650 RESEDA BLVD NORTHRIDGE CA 91326,22,CHUR1,900-2896A,Y,N,104
12,900-3466A,CHATSWORTH UNITED METH CHR,10824 TOPANGA CANYON BLVD CHATSWORTH CA 91311,22,CHUR1,900-2968B,Y,N,104
12,900-3613C,FIRE STATION #18,12050 BALBOA BLVD GRANADA HILLS CA 91344,22,MISCP,900-3613C,Y,N,104
12,900-4245A,CASTLEBAY LN. CHAR. SCH.,19010 CASTLEBAY LN NORTHRIDGE CA 91326,22,LAUSD,900-4245A,Y,N,104
12,900-6219B,KNOLLWOOD ELEMENTARY SCHOOL,11822 GERALD AVE GRANADA HILLS CA 91344,22,LAUSD,900-3614A,Y,N,104
12,900-6232A,VAN GOGH ST ELEMENTARY SCHOOL,17160 VAN GOGH ST GRANADA HILLS CA 91344,22,LAUSD,900-6232A,Y,N,104
12,900-6237A,RINALDI ADULT CENTER,17450 RINALDI ST GRANADA HILLS CA 91344,22,LAUSD,900-6237A,Y,N,104
12,900-6239A,VAN GOGH CHARTER ELEMENTARY ,17160 VAN GOGH ST GRANADA HILLS CA 91344,22,LAUSD,900-6239A,Y,N,104
12,900-6267A,DEARBORN ST ELEMENTARY SCH,9240 WISH AVE NORTHRIDGE CA 91325,22,LAUSD,900-6260A,Y,N,104
12,900-6268A,FIRE STATION #96,21800 MARILLA ST CHATSWORTH CA 91311,22,MISCP,900-6268C,Y,N,104
12,900-6270A,TOPEKA DR ELEMENTARY SCHOOL,9815 TOPEKA DR NORTHRIDGE CA 91324,22,LAUSD,900-6270A,Y,N,104
12,900-6274A,FIRE STATION #87,10124 BALBOA BLVD GRANADA HILLS CA 91344,22,MISCP,900-6274A,Y,N,104
12,900-6276B,NORTHRIDGE ACADEMY HIGH SCH.,9601 ZELZAH AVE NORTHRIDGE CA 91325,22,LAUSD,900-6276B,Y,N,104
12,900-6279A,NEVADA ELEMENTARY SCHOOL,22120 CHASE ST CANOGA PARK CA 91304,22,LAUSD,900-0401A,Y,N,104
12,900-6288A,PACIFICA SR LVG OF NORTHRIDGE,8700 LINDLEY AVE NORTHRIDGE CA 91325,22,SRHMS,900-3624A,Y,N,104
12,900-6293B,ST MARY & ST ATHANASIUS CHR,17431 ROSCOE BLVD NORTHRIDGE CA 91325,22,CHUR1,900-3624C,Y,N,104
12,900-6297A,FINMARK FLOOR COVERING,19601 PARTHENIA ST NORTHRIDGE CA 91324,22,BUS.,900-6297A,Y,N,104
12,900-6405A,NAPA ST ELEMENTARY SCHOOL,19010 NAPA ST NORTHRIDGE CA 91324,22,LAUSD,900-6405A,Y,N,104
12,900-6419A,OAK LAKE ASSOCIATION,8360 SEDAN AVE CANOGA PARK CA 91304,22,COMMU,900-6416A,Y,N,104
12,900-6447A,FAIRWINDS WEST HILLS,8138 WOODLAKE AVE CANOGA PARK CA 91304,22,SRHMS,900-6447A,Y,N,104
12,900-6452B,FIELDS MARKET,23221 SATICOY ST CANOGA PARK CA 91304,22,BUS.,900-6453A,Y,N,104
12,900-6468A,WELBY WAY ELEMENTARY SCHOOL,23456 WELBY WAY CANOGA PARK CA 91307,22,LAUSD,900-6468A,Y,N,104
12,900-6483A,SHEPHERD LUTHERAN CHURCH,23838 KITTRIDGE ST CANOGA PARK CA 91307,22,CHUR1,900-6483A,Y,N,104
12,900-7781B,VAN GOGH ST ELEMENTARY SCH ,17160 VAN GOGH ST GRANADA HILLS CA 91344,22,LAUSD,900-6233G,Y,N,104
12,900-7790A,MAGNOLIA GARDEN CONV HOSPITAL,17922 SAN FERNANDO MIS BLVD GRANADA HILLS CA 91344,22,SRHMS,900-6259A,Y,N,104
12,900-7825A,BALBOA MAGNET SCHOOL,17020 LABRADOR ST NORTHRIDGE CA 91325,22,LAUSD,900-6263B,Y,N,104
12,900-7843A,ROBERT WILKINSON SENIOR CTR,8956 VANALDEN AVE NORTHRIDGE CA 91324,22,LACPR,900-7843A,Y,N,104
12,900-7847A,FIRE STATION #103,18143 PARTHENIA ST NORTHRIDGE CA 91325,22,MISCP,900-2592A,Y,N,104
12,900-7852B,PARTHENIA ST ELEMENTARY SCH,16825 NAPA ST NORTH HILLS CA 91343,22,LAUSD,900-6293A,Y,N,104
13,900-0077D,GOLDEN WEST CHRISTIAN CHURCH,1310 LIBERTY ST LOS ANGELES CA 90026,24,CHUR1,900-0969C,Y,N,104
13,900-0239A,SOLAR DE CAHUENGA,1847 N CAHUENGA BLVD LOS ANGELES CA 90028,25,REST,900-0239A,Y,N,102
13,900-0361A,YUCCA PARK COMM. CENTER,6671 YUCCA ST LOS ANGELES CA 90028,25,LACPR,900-0361B,N,N,102
13,900-0369A,CHEVY CHASE PARK CENTER,4165 CHEVY CHASE DR LOS ANGELES CA 90039,24,LACPR,900-0369A,Y,N,104
13,900-0389B,HELEN BERNSTEIN HIGH SCHOOL,1309 N WILTON PL LOS ANGELES CA 90028,25,LAUSD,900-0389B,Y,N,102
13,900-0458A,HOLLYWOOD RECREATION CENTER,1122 COLE AVE LOS ANGELES CA 90038,25,LACPR,900-0458A,Y,N,102
13,900-0466A,ATWATER ELEMENTARY SCHOOL,3271 SILVER LAKE BLVD LOS ANGELES CA 90039,24,LAUSD,900-0466A,Y,N,104
13,900-1796B,KINGSLEY MANOR,1055 N KINGSLEY DR LOS ANGELES CA 90029,24,SRHMS,900-0750D,Y,N,104
13,900-0476A,ALEXANDRIA ELEMENTARY SCH,4211 OAKWOOD AVE LOS ANGELES CA 90004,24,LAUSD,900-0476A,Y,N,104
13,900-0481A,ST GARABED APOSTOLIC CHURCH,1614 N ALEXANDRIA AVE LOS ANGELES CA 90027,24,CHUR1,900-0481A,Y,N,104
13,900-0495A,CHURCH OF SCIENTOLOGY,4810 SUNSET BLVD LOS ANGELES CA 90027,24,CHUR1,900-0859A,Y,N,104
13,900-0507A,LOS FELIZ UNITED METH CHURCH,1800 N WESTERN AVE LOS ANGELES CA 90027,24,CHUR1,900-0734A,Y,N,104
13,900-0513A,REFORMED PRESBYTERIAN CHR,3557 FLETCHER DR LOS ANGELES CA 90065,24,CHUR1,900-2056C,N,N,104
13,900-0530A,SEVENTH DAY ADVENTIST CHURCH,1711 N VAN NESS AVE LOS ANGELES CA 90028,25,CHURC,900-0530A,Y,N,102
13,900-0550B,FIRE STATION #6,326 N VIRGIL AVE LOS ANGELES CA 90004,24,MISCP,900-0550B,Y,N,104
13,900-0600A,GLENFELIZ BL ELEMENTARY SCH,3955 GLENFELIZ BLVD LOS ANGELES CA 90039,24,LAUSD,900-0541A,Y,N,104
13,900-0605B,ST VINCENT MED CTR,2131 W 003RD ST LOS ANGELES CA 90057,24,HOSP,900-0903A,Y,N,104
13,900-0608A,LEMON GROVE RECREATION CENTER,4959 LEMON GROVE AVE LOS ANGELES CA 90029,24,LACPR,900-0608A,Y,N,104
13,900-0610A,MONROE CHRISTIAN CHURCH,4160 MONROE ST LOS ANGELES CA 90029,24,CHUR1,900-0610A,Y,N,104
13,900-0674A,CLIFFORD ELEMENTARY SCHOOL,2150 DUANE ST LOS ANGELES CA 90039,24,LAUSD,900-0678A,Y,N,104
13,900-0724A,GRANT ELEMENTARY SCHOOL,1530 N WILTON PL LOS ANGELES CA 90028,24,LAUSD,900-0724B,Y,N,104
13,900-0725D,FIRST PRESBYTERIAN-HOLLYWOOD,6054 YUCCA ST LOS ANGELES CA 90028,25,CHUR1,900-0426A,Y,N,102
13,900-0731A,HARVARD BLVD ELEMENTARY SCH,330 N HARVARD BLVD LOS ANGELES CA 90004,24,LAUSD,900-2947A,Y,N,104
13,900-0750A,KINGSLEY ELEMENTARY SCHOOL,5200 VIRGINIA AVE LOS ANGELES CA 90029,24,LAUSD,900-0750A,Y,N,104
13,900-0850A,THE SALVATION ARMY ALEGRIA,2737 SUNSET BLVD LOS ANGELES CA 90026,24,COMMU,900-0966A,Y,N,104
13,900-0854A,BOYS REPUBLIC,1815 REDCLIFF ST LOS ANGELES CA 90026,24,CLUB,900-0854A,N,N,104
13,900-0871B,ELYSIAN HEIGHTS ELEMENTARY,1562 BAXTER ST LOS ANGELES CA 90026,24,LAUSD,900-0505C,N,N,104
13,900-0903B,VISTA NUEVA APARTMENTS,130 S LA FAYETTE PARK PL LOS ANGELES CA 90057,24,APTBL,900-1838B,Y,N,104
13,900-0919A,DORRIS PLACE ELEMENTARY SCH,2225 DORRIS PL LOS ANGELES CA 90031,24,LAUSD,900-0918A,Y,N,104
13,900-0941A,ECHO PARK SENIOR HOUSING,1727 MORTON AVE LOS ANGELES CA 90026,24,SRHMS,900-6098A,Y,N,104
13,900-0947A,POLISH NATIONAL CATHOLIC CHRC,1118 N COMMONWEALTH AVE LOS ANGELES CA 90029,24,CHURC,900-0947A,Y,N,104
13,900-0959A,BELLEVUE PARK RECREATION CTR,826 N LUCILE AVE LOS ANGELES CA 90026,24,LACPR,900-2780A,Y,N,104
13,900-0964A,LOCKWOOD ELEMENTARY SCHOOL,4345 LOCKWOOD AVE LOS ANGELES CA 90029,24,LAUSD,900-0964A,Y,N,104
13,900-0966B,SANDRA CISNEROS CAMPUS,1018 MOHAWK ST LOS ANGELES CA 90026,24,LAUSD,900-0851A,Y,N,104
13,900-0969A,MAYBERRY ST ELEMENTARY SCH,2414 MAYBERRY ST LOS ANGELES CA 90026,24,LAUSD,900-0679C,Y,N,104
13,900-0970A,ECHO PARK RECREATION CENTER,1632 BELLEVUE AVE LOS ANGELES CA 90026,24,LACPR,900-1086A,Y,N,104
13,900-1023A,NEW VILLAGE GIRLS ACADEMY,147 N OCCIDENTAL BLVD LOS ANGELES CA 90026,24,SC-PR,900-1838A,Y,N,104
13,900-1488A,ELYSIAN VALLEY RECREATION CTR,1811 RIPPLE ST LOS ANGELES CA 90039,24,LACPR,900-2448B,Y,N,104
13,900-1509C,ROSEMONT AVE ELEMENTARY SCH,421 N ROSEMONT AVE LOS ANGELES CA 90026,24,LAUSD,900-0278A,Y,N,104
13,900-1685B,VIRGIL MIDDLE SCHOOL,152 N VERMONT AVE LOS ANGELES CA 90004,24,LAUSD,900-1685A,Y,N,104
13,900-1735A,SILVER LAKE RECREATION CENTER,1850 W SILVER LAKE DR LOS ANGELES CA 90026,24,LACPR,900-1735A,Y,N,104
13,900-1759A,SAINT TERESA SCHOOL,2215 FARGO ST LOS ANGELES CA 90039,24,SC-PR,900-2476B,N,N,104
13,900-1804A,ROSEWOOD UNITED METH CHR,4101 ROSEWOOD AVE LOS ANGELES CA 90004,24,CHUR1,900-2631A,N,N,104
13,900-1810A,ST KEVIN CHURCH,4072 BEVERLY BLVD LOS ANGELES CA 90004,24,CHUR1,900-1810A,N,N,104
13,900-1814A,FRANK DEL OLMO ELEM,100 N NEW HAMPSHIRE AVE LOS ANGELES CA 90004,24,LAUSD,900-1814A,Y,N,104
13,900-1820A,FILIPINO AMERICAN COMM OF L.A,1740 W TEMPLE ST LOS ANGELES CA 90026,24,CULTU,900-1797A,Y,N,104
13,900-1839A,WAT KHMER TEMPLE,1720 BEVERLY BLVD LOS ANGELES CA 90026,24,CHUR1,900-1817B,N,N,104
13,900-2017A,FRANK DEL OLMO ELEM / MPR,100 N NEW HAMPSHIRE AVE LOS ANGELES CA 90004,24,LAUSD,900-1069A,Y,N,104
13,900-2046A,ALLESANDRO ELEMENTARY SCHOOL,2210 RIVERSIDE DR LOS ANGELES CA 90039,24,LAUSD,900-0480A,Y,N,104
13,900-2475A,POLISH NATIONAL CATHOLIC CHR,1118 N COMMONWEALTH AVE LOS ANGELES CA 90029,24,CHURC,900-2475A,Y,N,104
13,900-3814C,POLISH NATIONAL CATHOLIC CRCH,1118 N COMMONWEALTH AVE LOS ANGELES CA 90029,24,CHURC,900-1128B,Y,N,104
13,900-3988A,HOLLYWOOD SUNSET FREE CLINIC,3324 SUNSET BLVD LOS ANGELES CA 90026,24,COMMU,900-3988A,Y,N,104
13,900-5012A,SHATTO RECREATION CENTER,3191 W 004TH ST LOS ANGELES CA 90020,24,LACPR,900-5012A,Y,N,104
14,900-0010C,LUTHER BURBANK MIDDLE SCHOOL,6460 N FIGUEROA ST LOS ANGELES CA 90042,26,LAUSD,900-0787A,Y,N,104
14,900-0014A,DELEVAN DR ELEMENTARY SCHOOL,4168 W AVENUE 42 LOS ANGELES CA 90065,26,LAUSD,900-0014A,Y,N,104
14,900-0038C,HOLLENBECK MIDDLE SCHOOL,2510 E 006TH ST LOS ANGELES CA 90023,26,LAUSD,900-0274A,Y,N,104
14,900-0055A,DAHLIA HEIGHTS ELEMENTARY SCH,5063 FLORISTAN AVE LOS ANGELES CA 90041,26,LAUSD,900-0055A,Y,N,104
14,900-0243A,HUNTINGTON DR ELEMENTARY SCH,4435 HUNTINGTON DR N LOS ANGELES CA 90032,26,LAUSD,900-0243A,Y,N,104
14,900-0244A,MURCHISON ST ELEMENTARY SCH,1501 MURCHISON ST LOS ANGELES CA 90033,26,LAUSD,900-0244A,Y,N,104
14,900-0273B,L A FAMILY HOUSING,207 N BREED ST LOS ANGELES CA 90033,26,MISCP,900-4120A,Y,N,104
14,900-0274B,EUCLID AVE ELEMENTARY SCHOOL,806 EUCLID AVE LOS ANGELES CA 90023,26,LAUSD,900-1902B,N,N,104
14,900-0323A,EL SERENO ELEMENTARY SCHOOL,3838 ROSEMEAD AVE LOS ANGELES CA 90032,26,LAUSD,900-0303A,Y,N,104
14,900-0380A,YOSEMITE RECREATION CENTER,1840 YOSEMITE DR LOS ANGELES CA 90041,26,LACPR,900-0380A,N,N,104
14,900-0437A,LUTHER BURBANK MDL SCH.,6460 N FIGUEROA ST LOS ANGELES CA 90042,26,LAUSD,900-0785A,Y,N,104
14,900-0493A,HAYWARD MANOR APARTMENTS,206 W 006TH ST LOS ANGELES CA 90014,26,APTBL,900-0618B,Y,N,104
14,900-0501A,GUADALUPE WEDDING CHAPEL,237 S BROADWAY LOS ANGELES CA 90012,26,BUS.,900-0501A,N,N,104
14,900-0502A,WOO,209 S GAREY ST LOS ANGELES CA 90012,26,BUS.,900-0502A,Y,N,104
14,900-0536B,CALVARY CHAPEL ASSEMBLY,5391 POPLAR BLVD LOS ANGELES CA 90032,26,CHUR1,900-2881A,Y,N,104
14,900-0560A,MARSHALL VILLAS TOWN HOMES,4225 VIA ARBOLADA LOS ANGELES CA 90042,26,APTBL,900-0560A,Y,N,104
14,900-0585A,STATE STREET REC CENTER,716 N STATE ST LOS ANGELES CA 90033,26,LACPR,900-7114A,Y,N,104
14,900-0589A,ROCKDALE ELEMENTARY SCHOOL,1303 YOSEMITE DR LOS ANGELES CA 90041,26,LAUSD,900-6334B,Y,N,104
14,900-0593A,YORKDALE ELEMENTARY SCHOOL,5657 MERIDIAN ST LOS ANGELES CA 90042,26,LAUSD,900-0593A,Y,N,104
14,900-0760A,EAGLE ROCK CITY HALL,2035 COLORADO BLVD LOS ANGELES CA 90041,26,MISCP,900-0760A,Y,N,104
14,900-0766A,EAGLE ROCK 7TH DAY ADV CHR ,2322 MERTON AVE LOS ANGELES CA 90041,26,CHUR1,900-0766A,Y,N,104
14,900-0779A,HIGHLAND PARK LUTHERAN CHR,6310 ALDAMA ST LOS ANGELES CA 90042,26,CHUR1,900-0431A,Y,N,104
14,900-0788A,SAN PASCUAL AV ELEMENTARY SCH,815 SAN PASCUAL AVE LOS ANGELES CA 90042,26,LAUSD,900-0013A,Y,N,104
14,900-0816A,HIGHLAND PARK SR CITIZEN CTR,6152 N FIGUEROA ST LOS ANGELES CA 90042,26,LACPR,900-0816A,Y,N,104
14,900-0900A,EL SERENO MIDDLE SCHOOL,2839 N EASTERN AVE LOS ANGELES CA 90032,26,LAUSD,900-0900A,Y,N,104
14,900-0902B,RESOURCE CENTER OF EL SERENO ,5110 HUNTINGTON DR S LOS ANGELES CA 90032,26,BUS.,900-2349A,Y,N,104
14,900-0904A,SIERRA PARK ELEMENTARY SCHOOL,3170 BUDAU AVE LOS ANGELES CA 90032,26,LAUSD,900-0898A,Y,N,104
14,900-0907A,MULTNOMAH ELEMENTARY SCHOOL,2101 INDIANA AVE LOS ANGELES CA 90032,26,LAUSD,900-1344A,Y,N,104
14,900-0913D,CHURCH OF GLORY,3017 W VALLEY BLVD ALHAMBRA CA 91803,26,CHUR1,900-0913D,Y,N,104
14,900-0961A,HAZARD PARK,2230 NORFOLK ST LOS ANGELES CA 90033,26,LACPR,900-0961B,Y,N,104
14,900-1072A,METROPOLITAN HIGH SCHOOL,727 WILSON ST LOS ANGELES CA 90021,26,LAUSD,900-3886A,Y,N,104
14,900-1344B,LA CHRISTIAN PRESBY CHURCH,2241 N EASTERN AVE LOS ANGELES CA 90032,26,CHUR1,900-2353A,Y,N,104
14,900-1348A,LOS ANGELES JOB CORP ,1031 S HILL ST LOS ANGELES CA 90015,26,SC-PR,900-1288A,Y,N,104
14,900-1372A,THE MIDNIGHT MISSION,601 S SAN PEDRO ST LOS ANGELES CA 90014,26,COMMU,900-1370A,Y,N,104
14,900-1410A,LOU COSTELLO RECREATION CTR,3141 E OLYMPIC BLVD LOS ANGELES CA 90023,26,LACPR,900-1910E,N,N,104
14,900-1469A,SHERIDAN STREET ELEMENTARY,416 CORNWELL ST LOS ANGELES CA 90033,26,LAUSD,900-1469A,Y,N,104
14,900-1846B,WABASH RECREATION CENTER,2765 WABASH AVE LOS ANGELES CA 90033,26,LACPR,900-1846B,Y,N,104
14,900-1851A,EVERGREEN RECREATIONAL CTR,2844 E 002ND ST LOS ANGELES CA 90033,26,LACPR,900-1851B,Y,N,104
14,900-1855D,MALABAR ST ELEMENTARY SCHOOL,3200 MALABAR ST LOS ANGELES CA 90063,26,LAUSD,900-1855D,N,N,104
14,900-1859A,HOLLENBECK PARK REC CENTER,415 S ST LOUIS ST LOS ANGELES CA 90033,26,LACPR,900-1859A,Y,N,104
14,900-1889A,SECOND ST ELEMENTARY SCHOOL,1942 E 002ND ST LOS ANGELES CA 90033,26,LAUSD,900-0273A,Y,N,104
14,900-1890A,UTAH ST ELEMENTARY SCHOOL,255 GABRIEL MARQUEZ ST LOS ANGELES CA 90033,26,LAUSD,900-1890B,Y,N,104
14,900-1899A,RAMON GARCIA RECREATION CTR,1016 S FRESNO ST LOS ANGELES CA 90023,26,LACPR,900-1899A,Y,N,104
14,900-1905A,ROBERT L STEVENSON MIDDLE SCH,725 S INDIANA ST LOS ANGELES CA 90023,26,LAUSD,900-1905A,Y,N,104
14,900-2089A,WEINGART CENTER,554 S SAN PEDRO ST LOS ANGELES CA 90013,26,REHAB,900-2089C,Y,N,104
14,900-2122A,IGLESIA EL BUEN PASTOR,1530 PLEASANT AVE LOS ANGELES CA 90033,26,RES,900-2445C,N,N,104
14,900-2155A,ANGELUS PLAZA,245 S HILL ST LOS ANGELES CA 90012,26,APTBL,900-5759A,Y,N,104
14,900-2159A,O HOTEL ,819 S FLOWER ST LOS ANGELES CA 90017,26,HOTEL,900-1288E,Y,N,104
14,900-2192A,CHRISTINA`S TAX SERVICE,4520 EAGLE ROCK BLVD LOS ANGELES CA 90041,26,BUS.,900-0319A,Y,N,104
14,900-2353B,EL SERENO SR CITIZEN CENTER,4818 KLAMATH PL LOS ANGELES CA 90032,26,LACPR,900-0905A,Y,N,104
14,900-3185A,BUNKER HILL TOWERS ,800 W 001ST ST LOS ANGELES CA 90012,26,APTBL,900-3185A,Y,N,104
14,900-3168A,VERDUGO COMMUNITY CHURCH,4300 VERDUGO RD LOS ANGELES CA 90065,26,CHUR1,900-3168A,Y,N,104
14,900-3951B,FIRE STATION #10,1335 S OLIVE ST LOS ANGELES CA 90015,26,FIRE,900-3951B,Y,N,104
14,900-6335B,EAGLE ROCK RECREATION CENTER,1100 EAGLE VISTA DR LOS ANGELES CA 90041,26,LACPR,900-6331A,Y,N,104
14,900-7015A,ANNE DOUGLAS CTR (LA MISSION),310 WINSTON ST LOS ANGELES CA 90013,26,COMMU,900-7015A,Y,N,104
15,900-0332A,FIRE STATION #36,1005 N GAFFEY ST SAN PEDRO CA 90731,27,MISCP,900-0332A,Y,N,104
15,900-0341A,HARBOR CITY ELEMENTARY SCHOOL,1508 254TH ST HARBOR CITY CA 90710,27,LAUSD,900-0341A,Y,N,104
15,900-0354A,CHARITY MISSION CHURCH,200 W IMPERIAL HWY LOS ANGELES CA 90061,27,CHUR1,900-0354A,N,N,104
15,900-0427A,RANCHO SAN PEDRO ,275 W 001ST ST SAN PEDRO CA 90731,27,MISCP,900-0427A,Y,N,104
15,900-0571A,NORMANDALE RECREATION CTR,22400 HALLDALE AVE TORRANCE CA 90501,27,LACPR,900-0571A,Y,N,104
15,900-0953A,WILMINGTON SR CITIZEN CENTER,1371 EUBANK AVE WILMINGTON CA 90744,27,MISCP,900-0953B,Y,N,104
15,900-0995A,GULF ELEMENTARY SCHOOL,828 W L ST WILMINGTON CA 90744,27,LAUSD,900-2621A,Y,N,104
15,900-1001C,THE PET SET HOTEL,841 PACIFIC COAST HWY HARBOR CITY CA 90710,27,BUS.,900-0726A,Y,N,104
15,900-1005A,PALOS VERDES RANCHO MOB HM,26200 FRAMPTON AVE HARBOR CITY CA 90710,27,MBLHM,900-4232A,Y,N,104
15,900-1042A,FLOURNOY ELEMENTARY SCHOOL,1630 E 111TH ST LOS ANGELES CA 90059,27,LAUSD,900-1042A,Y,N,104
15,900-1117A,BRADLEY-MILKEN YOUTH CENTER,1773 E CENTURY BLVD LOS ANGELES CA 90002,27,MISCP,900-3447C,Y,N,104
15,900-1147A,GRAPE ST ELEMENTARY SCHOOL,1940 E 111TH ST LOS ANGELES CA 90059,27,LAUSD,900-1723A,Y,N,104
15,900-1204A,GOSPEL TABERNACLE CHURCH ,11861 S MAIN ST LOS ANGELES CA 90061,27,CHUR1,900-0622A,Y,N,104
15,900-1246A,ATHENS PARK,12603 S BROADWAY LOS ANGELES CA 90061,27,MISCP,900-5207B,Y,N,104
15,900-1363A,THREE RANCH ESTATES ,515 W GARDENA BLVD GARDENA CA 90248,27,APT,900-2596D,Y,N,104
15,900-1405C,SOUTH BAY  CHIN. ALLIANCE CH,2201 S LELAND ST SAN PEDRO CA 90731,27,CHUR1,900-1484B,Y,N,104
15,900-1423A,186TH ST ELEMENTARY SCHOOL,1581 W 186TH ST GARDENA CA 90248,27,LAUSD,900-0447A,Y,N,104
15,900-1439C,FIRE STATION #38,124 E I ST WILMINGTON CA 90744,27,MISCP,900-1439C,Y,N,104
15,900-1473A,SHALOM CHURCH OF SO CAL,20050 S VERMONT AVE TORRANCE CA 90502,27,CHUR1,900-1843B,Y,N,104
15,900-1479A,ANGELS GATE CULTURAL CENTER,3601 S GAFFEY ST SAN PEDRO CA 90731,27,BUS.,900-1479A,N,N,104
15,900-1727A,135TH ST ELEMENTARY SCHOOL,801 W 135TH ST GARDENA CA 90247,27,LAUSD,900-1727A,Y,N,104
15,900-1728A,DAE HEUNG KOREAN PRESB CHR,15411 S FIGUEROA ST GARDENA CA 90248,27,CHUR1,900-1728A,Y,N,104
15,900-1780A,VERBUM DEI HIGH SCHOOL,11100 S CENTRAL AVE LOS ANGELES CA 90059,27,SC-PR,900-1780A,Y,N,104
15,900-1827A,LITTLE SISTER OF THE POOR ,2100 S WESTERN AVE SAN PEDRO CA 90732,27,RELFA,900-1827A,Y,N,104
15,900-2338A,V F W HALL #2967,1130 W ANAHEIM ST WILMINGTON CA 90744,27,CLUB,900-2338A,Y,N,104
15,900-2425A,BETHEL BAPTIST CHURCH,1501 W CARSON ST TORRANCE CA 90501,27,CHUR1,900-0346A,Y,N,104
15,900-2534B,NINETY-SIXTH ST ELEM SCHOOL,1471 E 096TH ST LOS ANGELES CA 90002,27,LAUSD,900-1585A,Y,N,104
15,900-2537A,GEORGE MCDONALD COURT,1800 E 092ND ST LOS ANGELES CA 90002,27,APT,900-2537A,Y,N,104
15,900-2540A,F GRIFFITH JOYNER ELEMENTARY,1963 E 103RD ST LOS ANGELES CA 90002,27,LAUSD,900-2518B,Y,N,104
15,900-2544A,COMPTON AVE ELEMENTARY SCH,1515 E 104TH ST LOS ANGELES CA 90002,27,LAUSD,900-2544A,Y,N,104
15,900-2548A,WATTS TOWERS ARTS CENTER,1727 E 107TH ST LOS ANGELES CA 90002,27,MISCP,900-2542A,Y,N,104
15,900-2549A,WEIGAND AVE ELEMENTARY SCHOOL,10401 WEIGAND AVE LOS ANGELES CA 90002,27,LAUSD,900-2549A,Y,N,104
15,900-2555A,109TH ST RECREATION CENTER,1464 E 109TH ST LOS ANGELES CA 90059,27,LACPR,900-2555A,Y,N,104
15,900-2583B,116TH ST ELEMENTARY SCHOOL,11610 S STANFORD AVE LOS ANGELES CA 90059,27,LAUSD,900-2584A,Y,N,104
15,900-2587A,118TH ST ELEMENTARY SCHOOL,144 E 118TH ST LOS ANGELES CA 90061,27,LAUSD,900-2587A,Y,N,104
15,900-2616A,HARBOR CHRISTIAN CENTER,1551 WILMINGTON BLVD WILMINGTON CA 90744,27,CHUR1,900-2616A,Y,N,104
15,900-2618A,ST PETER AND PAUL CHURCH,1015 N LAGOON AVE WILMINGTON CA 90744,27,CHUR1,900-2618A,Y,N,104
15,900-2618D,MACHINISTS UNION LOCAL #1484,1259 N AVALON BLVD WILMINGTON CA 90744,27,BUS.,900-2620C,Y,N,104
15,900-2620B,LOS ANGELES HARBOR COLLEGE,1111 FIGUEROA PL WILMINGTON CA 90744,27,MISCP,900-2441A,Y,N,104
15,900-2630A,BROAD AVE ELEMENTARY SCHOOL ,24815 S BROAD AVE WILMINGTON CA 90744,27,LAUSD,900-2630A,Y,N,104
15,900-2633B,WILMINGTON PARK ELEMENTARY,1140 MAHAR AVE WILMINGTON CA 90744,27,LAUSD,900-2633B,Y,N,104
15,900-2650A,SAN PEDRO SERVICE CENTER,769 W 003RD ST SAN PEDRO CA 90731,27,MISCP,900-2650A,Y,N,104
15,900-2657A,CABRILLO AV ELEMENTARY SCHOOL,732 S CABRILLO AVE SAN PEDRO CA 90731,27,LAUSD,900-2657A,Y,N,104
15,900-2667C,ANDERSON SR CITIZEN CENTER ,828 S MESA ST SAN PEDRO CA 90731,27,LACPR,900-2667C,Y,N,104
15,900-2675A,PENINSULA CHURCH OF NAZARENE,811 W 011TH ST SAN PEDRO CA 90731,27,CHUR1,900-2675A,Y,N,104
15,900-2910A,HOME ASSEMBLY CHURCH,13515 S FIGUEROA ST LOS ANGELES CA 90061,27,CHUR1,900-1323B,Y,N,104
15,900-2957A,BETHANY APOSTOLIC COMM. CH.,1919 S PACIFIC AVE SAN PEDRO CA 90731,27,CHUR1,900-2669B,N,N,104
15,900-3663A,WILMINGTON MIDDLE SCHOOL ,1700 GULF AVE WILMINGTON CA 90744,27,LAUSD,900-2632B,Y,N,104
15,900-3899A,IGLESIA CHRIST PODER Y GLORIA,25614 NORMANDIE AVE HARBOR CITY CA 90710,27,CHUR1,900-1001A,Y,N,104
15,900-4215A,PECK PARK COMMUNITY CENTER,560 N WESTERN AVE SAN PEDRO CA 90732,27,LACPR,900-4215A,Y,N,104
15,900-4233C,TOBERMAN NEIGHBORHOOD CTR,131 N GRAND AVE SAN PEDRO CA 90731,27,SRHMS,900-3458B,Y,N,104
15,900-6348B,TAPER AVENUE ELEMENTARY,1824 TAPER AVE SAN PEDRO CA 90731,27,LAUSD,900-6348B,Y,N,104
15,900-6370A,NARBONNE HIGH SCHOOL,24300 WESTERN AVE HARBOR CITY CA 90710,27,LAUSD,900-6370A,Y,N,104
15,900-6380A,WILLENBERG SPECIAL ED CENTER,308 WEYMOUTH AVE SAN PEDRO CA 90732,27,LAUSD,900-1503D,Y,N,104
15,900-6387A,ALVA LLC DANCE AND MUSIC,1417 W 008TH ST SAN PEDRO CA 90732,27,BUS.,900-2675B,Y,N,104
15,900-6388A,SAN PEDRO HIGH SCHOOL,1520 S LELAND ST SAN PEDRO CA 90731,27,LAUSD,900-6388A,N,N,104
15,900-8296A,WILMINGTON PARK,325 N NEPTUNE AVE WILMINGTON CA 90744,27,LACPR,900-1439B,Y,N,104
